date,temp_max_c,temp_min_c,temp_mean_c,humidity_pct,wind_speed_10m_ms,solar_radiation_mj,rainfall_mm,pressure_hpa,wind_speed_2m_ms,sunshine_hours,vpd_kpa,net_radiation_mj,penman_evaporation_mm,evaporation_pan_mm
2021-01-01,29.0,17.3,23.6,68,2.694444444444444,14.45,0.1,948.3,2.02,6.07,0.957,8.24,3.405,4.61
2021-01-02,29.3,18.8,23.2,66,2.638888888888889,16.35,0.0,948.4,1.97,6.87,1.062,9.714,3.904,5.18
2021-01-03,28.8,16.1,22.4,58,2.7222222222222223,17.02,0.1,946.7,2.04,7.15,1.216,9.704,4.157,5.64
2021-01-04,27.6,19.3,22.2,81,3.1666666666666665,13.05,4.6,946.8,2.37,5.48,0.564,8.153,2.886,4.08
2021-01-05,26.8,18.6,22.6,78,3.2777777777777777,10.03,0.4,947.8,2.45,4.21,0.623,6.486,2.601,3.43
2021-01-06,28.7,19.0,23.3,74,2.25,15.13,2.6,947.7,1.68,6.35,0.797,8.987,3.274,4.33
2021-01-07,26.1,19.5,22.6,85,3.3055555555555554,10.9,3.9,946.2,2.47,4.58,0.424,7.104,2.42,3.46
2021-01-08,26.4,20.1,22.5,84,3.0,6.61,1.7,945.4,2.24,2.78,0.464,4.953,1.93,2.69
2021-01-09,28.0,20.1,23.2,81,2.8055555555555554,12.39,5.7,946.3,2.1,5.2,0.583,7.901,2.817,3.69
2021-01-10,29.3,20.1,23.9,74,3.1111111111111107,15.44,0.2,947.1,2.33,6.48,0.836,9.409,3.627,4.92
2021-01-11,29.8,18.8,24.0,66,2.638888888888889,17.27,0.0,948.2,1.97,7.25,1.082,10.615,4.16,5.48
2021-01-12,29.9,17.6,23.7,61,2.944444444444444,18.12,0.0,948.9,2.2,7.61,1.215,11.055,4.56,6.01
2021-01-13,29.3,16.9,23.7,61,3.222222222222222,17.25,0.0,948.6,2.41,7.24,1.17,10.167,4.367,5.86
2021-01-14,29.4,19.6,24.1,58,3.0555555555555554,17.3,0.0,947.7,2.29,7.27,1.34,10.15,4.557,5.79
2021-01-15,30.1,17.2,23.3,58,3.0277777777777777,18.69,0.0,946.6,2.26,7.85,1.308,11.401,4.819,6.17
2021-01-16,30.6,17.5,23.7,61,2.2777777777777777,17.72,0.0,945.5,1.7,7.44,1.246,10.757,4.275,5.62
2021-01-17,30.6,19.3,24.6,63,2.4166666666666665,14.18,0.0,946.3,1.81,5.96,1.227,8.097,3.606,4.66
2021-01-18,31.1,21.0,25.5,61,2.888888888888889,16.74,0.0,947.9,2.16,7.03,1.366,10.072,4.478,6.02
2021-01-19,30.6,18.9,24.8,60,2.944444444444444,16.82,0.0,948.1,2.2,7.06,1.315,9.925,4.403,5.73
2021-01-20,30.4,18.8,23.7,63,2.944444444444444,19.07,0.0,948.7,2.2,8.01,1.205,12.156,4.821,6.22
2021-01-21,30.3,17.9,22.8,59,2.5,19.44,0.0,948.2,1.87,8.16,1.305,12.199,4.811,6.63
2021-01-22,30.5,17.0,23.4,56,2.388888888888889,19.58,0.0,947.7,1.79,8.22,1.387,12.128,4.851,6.43
2021-01-23,30.8,17.3,23.6,58,2.5555555555555554,19.84,0.0,947.8,1.91,8.33,1.347,12.534,4.973,6.64
2021-01-24,30.9,18.2,23.4,56,3.194444444444444,19.85,0.0,948.6,2.39,8.34,1.443,12.457,5.358,6.93
2021-01-25,30.4,16.5,22.8,57,2.833333333333333,19.9,0.0,949.1,2.12,8.36,1.337,12.459,5.055,6.66
2021-01-26,30.1,17.2,22.7,52,3.1111111111111107,19.85,0.0,948.3,2.33,8.34,1.495,12.087,5.329,7.12
2021-01-27,30.3,16.6,22.6,54,3.333333333333333,20.03,0.0,948.1,2.49,8.41,1.427,12.383,5.385,7.01
2021-01-28,30.5,17.5,22.9,55,3.3055555555555554,20.21,0.0,948.4,2.47,8.49,1.432,12.66,5.444,7.32
2021-01-29,29.6,14.2,22.6,56,2.611111111111111,19.39,0.0,949.3,1.95,8.14,1.269,11.79,4.701,6.18
2021-01-30,29.4,15.0,22.2,55,3.194444444444444,19.91,0.0,949.1,2.39,8.36,1.306,12.209,5.092,6.75
2021-01-31,29.3,15.2,22.7,53,3.7222222222222223,17.89,0.0,949.3,2.78,7.51,1.364,10.225,4.917,6.47
2021-02-01,29.1,16.0,22.8,58,3.638888888888889,18.09,0.0,951.1,2.72,7.6,1.228,10.713,4.753,6.62
2021-02-02,29.4,17.1,22.8,46,3.083333333333333,20.56,0.0,951.2,2.31,8.64,1.633,12.28,5.581,7.44
2021-02-03,29.2,14.7,22.6,41,3.0555555555555554,20.86,0.0,950.2,2.29,8.76,1.689,12.162,5.631,7.35
2021-02-04,29.0,16.8,22.8,43,2.4444444444444446,20.93,0.0,949.8,1.83,8.79,1.687,12.38,5.331,7.23
2021-02-05,28.9,16.3,21.6,55,3.222222222222222,19.81,0.0,948.9,2.41,8.32,1.313,12.107,5.097,6.61
2021-02-06,28.7,15.0,21.3,49,3.638888888888889,21.3,0.0,948.8,2.72,8.95,1.439,13.061,5.719,7.66
2021-02-07,28.5,14.4,21.1,45,3.6944444444444446,21.61,0.0,949.9,2.76,9.08,1.521,13.069,5.907,7.58
2021-02-08,29.4,13.5,21.3,39,3.5,21.99,0.0,950.0,2.62,9.24,1.722,13.068,6.187,8.05
2021-02-09,30.1,13.8,22.1,34,3.3055555555555554,22.18,0.0,949.1,2.47,9.32,1.929,12.918,6.368,8.52
2021-02-10,30.2,16.5,23.1,35,2.611111111111111,22.22,0.0,947.9,1.95,9.33,2.005,13.046,6.016,8.13
2021-02-11,30.6,15.5,23.5,36,2.9166666666666665,22.1,0.0,947.3,2.18,9.28,1.969,13.031,6.153,8.23
2021-02-12,31.1,16.7,23.7,41,2.8055555555555554,21.84,0.0,947.6,2.1,9.17,1.894,13.219,6.018,8.01
2021-02-13,31.3,18.9,24.4,46,3.194444444444444,21.28,0.0,948.7,2.39,8.94,1.823,13.139,6.098,8.09
2021-02-14,30.6,17.8,23.9,47,3.333333333333333,20.75,0.0,948.9,2.49,8.72,1.704,12.635,5.871,7.61
2021-02-15,30.5,18.3,23.5,54,3.7777777777777777,19.65,0.0,947.9,2.83,8.25,1.488,12.106,5.593,7.35
2021-02-16,30.7,16.0,22.8,63,4.111111111111112,21.62,0.0,947.2,3.08,9.08,1.153,14.42,5.622,7.43
2021-02-17,29.7,17.9,23.3,63,3.222222222222222,19.75,0.0,947.3,2.41,8.3,1.151,12.666,4.954,6.76
2021-02-18,29.5,17.7,22.4,65,4.305555555555555,18.53,2.9,948.3,3.22,7.78,1.076,11.631,4.876,6.55
2021-02-19,26.3,16.8,21.0,64,5.194444444444444,19.23,0.5,950.3,3.89,8.08,0.96,11.873,4.883,6.25
2021-02-20,28.6,15.3,21.8,52,6.305555555555555,20.97,0.0,949.8,4.72,8.81,1.357,12.941,6.41,8.6
2021-02-21,28.7,18.6,23.2,50,5.027777777777778,18.21,0.2,950.0,3.76,7.65,1.52,10.372,5.778,7.65
2021-02-22,28.5,17.2,23.5,57,3.611111111111111,17.56,0.6,950.5,2.7,7.38,1.259,10.15,4.648,6.1
2021-02-23,32.1,18.3,24.9,51,2.3333333333333335,22.02,0.0,949.1,1.75,9.25,1.687,14.236,5.733,7.74
2021-02-24,32.4,20.1,25.6,47,2.5833333333333335,21.27,0.0,948.1,1.93,8.93,1.912,13.339,5.887,8.0
2021-02-25,32.4,19.4,25.7,44,2.9166666666666665,20.47,0.0,948.4,2.18,8.6,1.993,12.35,5.929,8.05
2021-02-26,32.3,19.6,25.9,41,4.25,20.44,0.0,947.5,3.18,8.58,2.1,12.08,6.815,8.96
2021-02-27,33.6,20.2,26.9,37,2.5277777777777777,21.41,0.0,946.8,1.89,8.99,2.384,12.748,6.208,8.23
2021-02-28,34.4,20.5,27.4,34,3.333333333333333,22.27,0.0,947.0,2.49,9.35,2.591,13.328,7.211,9.66
2021-03-01,33.5,22.0,28.0,33,2.972222222222222,17.93,0.0,949.5,2.22,7.53,2.619,9.204,5.815,7.9
2021-03-02,34.0,19.7,26.7,35,3.416666666666667,21.92,0.0,949.9,2.56,9.21,2.475,13.057,7.093,9.39
2021-03-03,34.3,18.7,27.2,26,3.0555555555555554,23.9,0.0,948.7,2.29,10.04,2.799,14.003,7.479,9.94
2021-03-04,34.6,18.9,27.1,27,3.5,23.93,0.0,948.4,2.62,10.05,2.804,14.153,7.902,10.37
2021-03-05,34.2,20.0,27.2,29,3.1111111111111107,24.03,0.0,949.3,2.33,10.09,2.74,14.434,7.559,9.9
2021-03-06,34.3,20.1,26.5,35,3.2777777777777777,24.07,0.0,949.3,2.45,10.11,2.523,15.064,7.589,10.24
2021-03-07,34.0,20.5,26.9,31,3.8333333333333335,24.09,0.0,948.5,2.87,10.12,2.667,14.683,8.102,11.01
2021-03-08,34.3,19.3,26.9,26,2.944444444444444,24.12,0.0,948.5,2.2,10.13,2.83,14.206,7.49,9.98
2021-03-09,35.1,21.3,27.9,32,4.166666666666667,21.32,0.0,948.8,3.12,8.95,2.784,12.322,7.851,10.62
2021-03-10,34.3,20.9,27.7,33,3.75,22.2,0.0,948.7,2.8,9.32,2.64,13.167,7.532,10.1
2021-03-11,34.3,21.1,27.1,36,6.138888888888889,20.53,0.1,948.4,4.59,8.62,2.532,11.92,8.663,11.45
2021-03-12,34.7,20.4,27.5,33,3.416666666666667,21.95,0.0,949.5,2.56,9.22,2.656,12.958,7.274,9.75
2021-03-13,34.6,21.1,27.5,34,4.75,23.14,0.0,949.8,3.55,9.72,2.641,14.154,8.511,11.58
2021-03-14,35.0,21.5,27.8,32,3.7777777777777777,24.16,0.0,947.7,2.83,10.15,2.784,14.931,8.235,10.97
2021-03-15,35.4,22.4,28.3,32,4.611111111111112,24.04,0.0,947.3,3.45,10.1,2.875,14.866,8.942,12.16
2021-03-16,33.9,22.3,27.9,31,3.2499999999999996,20.92,0.0,947.5,2.43,8.79,2.754,11.788,6.928,8.84
2021-03-17,34.5,21.8,28.1,31,3.4444444444444446,17.89,0.0,946.5,2.58,7.51,2.788,9.031,6.389,8.64
2021-03-18,34.1,22.8,28.1,33,4.472222222222222,19.15,0.0,946.5,3.35,8.04,2.722,10.385,7.455,9.95
2021-03-19,34.1,21.1,26.9,35,4.944444444444445,22.68,0.0,947.0,3.7,9.53,2.552,13.789,8.436,11.2
2021-03-20,33.9,20.0,26.8,36,2.638888888888889,22.33,0.0,945.8,1.97,9.38,2.441,13.523,6.57,8.77
2021-03-21,33.3,19.5,27.0,45,3.083333333333333,20.45,0.0,945.7,2.31,8.59,2.03,12.494,6.069,7.79
2021-03-22,33.1,20.8,26.9,47,3.7222222222222223,20.72,0.1,947.7,2.78,8.7,1.991,12.924,6.485,8.61
2021-03-23,33.8,22.1,27.0,48,3.9166666666666665,20.79,0.8,948.9,2.93,8.73,2.059,13.189,6.767,9.08
2021-03-24,34.0,20.8,27.8,45,2.694444444444444,19.46,0.0,948.8,2.02,8.17,2.138,11.691,5.719,7.85
2021-03-25,35.9,23.2,29.1,30,3.0,24.15,0.0,947.9,2.24,10.14,3.063,14.805,7.838,10.37
2021-03-26,36.4,21.1,29.2,24,3.3611111111111107,25.45,0.0,947.2,2.51,10.69,3.258,15.318,8.545,11.27
2021-03-27,36.8,21.1,29.3,26,3.638888888888889,25.09,0.0,946.6,2.72,10.54,3.222,15.249,8.717,11.55
2021-03-28,36.9,23.4,29.7,28,3.083333333333333,25.79,0.0,946.0,2.31,10.83,3.283,16.16,8.519,11.5
2021-03-29,37.7,22.0,29.6,33,4.027777777777778,26.16,0.0,945.6,3.01,10.99,3.069,17.101,9.274,12.41
2021-03-30,35.3,20.7,27.6,33,5.777777777777778,26.13,0.0,945.2,4.32,10.97,2.733,16.853,9.99,13.24
2021-03-31,37.0,18.0,27.3,31,4.694444444444444,26.78,0.0,944.0,3.51,11.25,2.877,17.349,9.721,13.04
2021-04-01,35.4,19.6,26.8,37,4.583333333333333,26.4,0.0,943.8,3.43,11.09,2.529,17.474,9.069,12.11
2021-04-02,35.8,18.2,26.3,47,4.083333333333333,26.63,0.0,944.1,3.05,11.18,2.111,18.561,8.322,11.24
2021-04-03,35.8,18.3,26.2,63,4.805555555555555,24.7,0.0,944.9,3.59,10.37,1.476,17.999,7.276,9.6
2021-04-04,36.8,19.3,27.3,57,5.638888888888889,25.39,0.0,946.9,4.22,10.66,1.816,18.378,8.309,11.03
2021-04-05,37.9,21.4,28.7,50,6.444444444444444,24.87,0.0,947.0,4.82,10.45,2.284,17.564,9.393,12.47
2021-04-06,38.1,21.9,30.0,33,4.388888888888889,25.34,0.0,946.8,3.28,10.64,3.112,16.38,9.389,12.3
2021-04-07,37.6,23.2,29.7,29,5.472222222222222,23.08,0.0,947.3,4.09,9.69,3.311,13.832,9.964,13.33
2021-04-08,36.9,22.8,28.7,41,5.5,21.74,0.0,946.1,4.11,9.13,2.66,13.795,8.803,11.78
2021-04-09,36.2,21.0,28.2,50,3.888888888888889,20.51,0.0,945.5,2.91,8.61,2.123,13.319,6.819,9.09
2021-04-10,35.4,23.4,29.2,37,3.861111111111111,20.26,0.1,947.0,2.89,8.51,2.717,11.92,7.277,9.67
2021-04-11,35.6,25.6,30.1,36,4.0,19.85,0.0,948.3,2.99,8.34,2.91,11.536,7.48,9.76
2021-04-12,35.0,22.0,29.1,40,2.7777777777777777,19.25,0.0,948.9,2.08,8.08,2.48,11.196,5.971,7.9
2021-04-13,34.2,23.4,29.1,40,4.361111111111111,20.02,0.0,948.4,3.26,8.41,2.477,11.88,7.234,9.59
2021-04-14,34.2,21.9,27.4,50,2.694444444444444,22.68,0.3,947.8,2.02,9.53,2.002,15.123,6.506,8.55
2021-04-15,34.6,20.8,27.4,46,5.944444444444444,23.0,0.0,947.2,4.45,9.66,2.148,15.09,8.388,11.16
2021-04-16,36.9,20.9,27.7,42,6.972222222222222,25.05,0.0,946.7,5.22,10.52,2.527,16.872,10.16,13.61
2021-04-17,36.5,21.3,28.6,39,6.666666666666666,24.34,0.0,947.6,4.99,10.22,2.635,15.907,9.942,13.54
2021-04-18,37.0,22.2,29.7,39,5.583333333333334,23.14,0.0,948.3,4.18,9.72,2.73,14.879,9.161,12.24
2021-04-19,35.8,22.3,28.5,45,4.444444444444445,25.43,0.0,947.0,3.32,10.68,2.356,17.423,8.547,11.43
2021-04-20,35.3,20.4,27.7,48,4.694444444444444,25.57,0.0,946.0,3.51,10.74,2.109,17.681,8.338,11.11
2021-04-21,34.8,20.8,27.0,47,4.805555555555555,24.11,0.0,947.2,3.59,10.13,2.125,16.215,8.094,10.5
2021-04-22,36.5,21.8,28.6,40,4.527777777777778,24.21,0.0,947.4,3.39,10.17,2.615,15.897,8.658,11.54
2021-04-23,36.3,21.8,28.3,33,5.222222222222222,25.9,0.0,947.2,3.91,10.88,2.898,16.739,9.882,13.19
2021-04-24,36.9,20.8,28.3,35,5.0,27.23,0.0,946.6,3.74,11.44,2.827,18.199,9.952,13.64
2021-04-25,37.4,21.5,29.6,48,5.305555555555556,24.2,0.0,946.0,3.97,10.16,2.334,16.711,8.697,11.57
2021-04-26,37.3,22.3,29.1,49,6.833333333333334,23.23,1.1,945.9,5.11,9.76,2.313,15.929,9.206,12.32
2021-04-27,36.7,22.2,28.7,53,4.972222222222221,22.28,0.0,946.7,3.72,9.36,2.08,15.315,7.765,10.35
2021-04-28,36.5,22.3,28.8,53,4.055555555555555,21.95,0.2,947.4,3.03,9.22,2.068,14.991,7.222,9.45
2021-04-29,35.7,22.4,28.8,52,4.472222222222222,22.5,0.1,947.1,3.35,9.45,2.053,15.318,7.485,10.15
2021-04-30,36.9,22.8,28.6,57,3.8055555555555554,22.24,1.4,946.1,2.85,9.34,1.939,15.668,7.092,9.57
2021-05-01,35.6,22.8,29.2,50,4.75,17.35,0.8,945.5,3.55,7.29,2.147,10.42,6.498,8.78
2021-05-02,35.3,23.6,28.0,57,2.944444444444444,20.37,2.7,946.2,2.2,8.56,1.855,13.777,6.075,7.96
2021-05-03,34.8,21.5,28.1,58,3.9722222222222223,22.24,0.0,945.7,2.97,9.34,1.706,15.391,6.737,9.19
2021-05-04,33.9,24.2,28.9,57,4.083333333333333,20.7,0.2,945.5,3.05,8.69,1.787,13.942,6.505,8.46
2021-05-05,36.6,23.4,29.7,49,5.277777777777778,23.16,0.0,945.2,3.95,9.73,2.299,15.829,8.387,11.27
2021-05-06,36.0,23.6,29.6,52,4.111111111111112,20.83,0.0,945.9,3.08,8.75,2.125,13.88,7.011,9.68
2021-05-07,35.2,24.0,28.9,57,4.111111111111112,19.5,0.4,946.7,3.08,8.19,1.864,12.989,6.397,8.38
2021-05-08,35.3,23.8,29.6,57,3.611111111111111,21.16,0.0,945.8,2.7,8.89,1.863,14.516,6.553,8.65
2021-05-09,35.1,25.1,29.4,56,3.888888888888889,20.91,0.7,945.0,2.91,8.78,1.945,14.264,6.736,9.0
2021-05-10,36.3,22.4,28.9,52,4.305555555555555,23.77,0.0,944.5,3.22,9.98,2.1,16.561,7.798,10.32
2021-05-11,34.3,23.0,28.1,55,4.944444444444445,24.51,0.0,944.9,3.7,10.29,1.849,17.269,7.831,10.21
2021-05-12,34.7,21.6,27.4,63,4.833333333333333,24.58,0.3,943.5,3.62,10.32,1.5,17.903,7.301,9.74
2021-05-13,35.0,22.0,27.8,62,3.8333333333333335,23.89,0.3,942.9,2.87,10.03,1.571,17.261,6.964,9.13
2021-05-14,35.3,22.1,28.9,61,3.333333333333333,20.46,0.1,941.4,2.49,8.59,1.633,14.078,6.019,8.1
2021-05-15,37.1,24.6,30.8,53,6.138888888888889,20.79,1.2,939.3,4.59,8.73,2.21,14.13,8.075,10.63
2021-05-16,30.0,23.5,25.6,80,9.666666666666666,10.36,18.9,937.1,7.23,4.35,0.714,7.14,3.746,5.23
2021-05-17,26.4,23.0,24.3,86,8.722222222222221,8.0,40.9,937.6,6.52,3.36,0.438,5.782,2.53,3.26
2021-05-18,28.2,23.4,25.3,84,7.555555555555555,16.9,1.6,941.1,5.65,7.1,0.536,11.43,3.914,5.17
2021-05-19,27.5,23.4,24.9,85,6.861111111111111,17.29,3.0,942.2,5.13,7.26,0.491,11.757,3.83,5.23
2021-05-20,30.2,21.7,25.6,77,3.75,23.2,0.5,944.1,2.8,9.74,0.792,16.943,5.565,7.24
2021-05-21,30.8,20.8,25.8,73,3.5,23.97,0.1,944.7,2.62,10.07,0.931,17.429,5.897,7.9
2021-05-22,29.4,22.6,25.5,77,4.166666666666667,18.24,0.2,944.4,3.12,7.66,0.787,12.348,4.458,6.14
2021-05-23,30.5,22.3,25.7,80,3.3888888888888884,21.64,2.8,945.4,2.53,9.09,0.706,15.768,5.109,6.57
2021-05-24,31.8,22.3,26.1,77,4.444444444444445,20.7,0.1,945.9,3.32,8.69,0.85,14.904,5.242,7.02
2021-05-25,31.3,21.6,26.1,78,4.305555555555555,22.17,0.3,944.3,3.22,9.31,0.787,16.193,5.428,7.28
2021-05-26,31.4,22.5,25.9,74,5.472222222222222,26.41,0.0,943.3,4.09,11.09,0.952,19.933,6.74,9.1
2021-05-27,30.3,22.7,25.8,75,6.416666666666667,17.99,0.0,943.6,4.8,7.56,0.884,12.12,4.906,6.36
2021-05-28,32.0,23.1,26.6,74,5.222222222222222,23.4,0.1,944.2,3.91,9.83,0.986,17.292,6.186,8.05
2021-05-29,32.7,23.0,26.6,76,4.666666666666667,23.19,1.5,945.1,3.49,9.74,0.931,17.317,6.02,8.1
2021-05-30,29.8,23.3,25.8,83,3.222222222222222,16.83,10.0,945.0,2.41,7.07,0.6,11.507,3.849,5.18
2021-05-31,29.5,23.4,25.8,83,3.3611111111111107,14.75,4.6,943.3,2.51,6.19,0.595,9.653,3.377,4.54
2021-06-01,30.1,23.0,25.6,85,3.1111111111111107,17.96,7.5,943.4,2.33,7.54,0.531,12.675,4.039,5.44
2021-06-02,31.2,22.8,25.9,84,3.3888888888888884,18.95,17.6,944.1,2.53,7.96,0.586,13.667,4.396,5.76
2021-06-03,30.4,23.4,25.7,87,2.5,15.29,26.0,944.9,1.87,6.42,0.469,10.411,3.341,4.49
2021-06-04,30.4,22.6,25.1,86,2.4444444444444446,15.32,7.2,945.5,1.83,6.43,0.496,10.309,3.326,4.48
2021-06-05,25.7,22.8,23.9,91,2.2222222222222223,9.13,14.4,944.5,1.66,3.83,0.274,6.46,2.011,2.57
2021-06-06,29.2,22.5,25.0,81,3.4444444444444446,18.61,0.6,944.8,2.58,7.82,0.644,12.883,4.263,5.96
2021-06-07,28.3,22.7,25.0,82,5.083333333333333,21.23,1.1,945.2,3.8,8.92,0.594,15.254,4.818,6.5
2021-06-08,28.4,22.8,24.9,85,4.944444444444445,19.52,7.6,944.2,3.7,8.2,0.498,13.865,4.284,5.53
2021-06-09,27.0,22.7,24.5,88,6.0,15.04,12.4,943.1,4.49,6.32,0.379,9.719,3.074,4.2
2021-06-10,26.5,22.4,24.1,87,6.861111111111111,14.37,5.7,942.4,5.13,6.04,0.401,9.206,3.031,3.9
2021-06-11,26.8,23.1,24.5,86,7.194444444444444,15.85,2.6,941.7,5.38,6.66,0.445,10.373,3.41,4.66
2021-06-12,28.3,22.8,24.5,88,5.249999999999999,16.36,13.8,941.4,3.93,6.87,0.397,11.106,3.419,4.73
2021-06-13,28.7,22.8,25.0,84,5.638888888888889,19.42,1.1,941.4,4.22,8.16,0.537,13.757,4.361,5.69
2021-06-14,29.1,23.0,25.2,84,5.916666666666667,19.48,0.9,940.5,4.43,8.18,0.547,13.882,4.425,6.04
2021-06-15,27.2,23.0,24.6,85,5.916666666666667,18.21,1.2,939.5,4.43,7.65,0.481,12.53,3.947,5.32
2021-06-16,24.3,21.7,23.1,89,4.888888888888889,9.86,4.4,940.0,3.66,4.14,0.31,6.672,2.187,3.04
2021-06-17,24.7,21.6,23.1,89,6.333333333333333,8.46,5.7,940.8,4.74,3.55,0.313,5.961,2.087,3.07
2021-06-18,25.8,21.9,23.4,89,6.499999999999999,15.48,18.9,941.8,4.86,6.5,0.327,9.96,2.967,3.92
2021-06-19,25.0,21.3,23.0,90,6.583333333333333,15.66,11.5,943.6,4.92,6.58,0.285,10.031,2.852,3.69
2021-06-20,26.1,21.9,23.5,88,6.833333333333334,17.64,6.3,944.5,5.11,7.41,0.361,11.932,3.466,4.49
2021-06-21,27.8,22.1,24.1,84,5.583333333333334,20.21,2.2,945.0,4.18,8.49,0.512,14.311,4.39,5.73
2021-06-22,28.0,22.6,24.7,82,5.305555555555556,20.1,0.6,944.7,3.97,8.44,0.587,14.169,4.549,6.05
2021-06-23,27.4,22.4,24.4,84,5.027777777777778,17.23,2.2,944.4,3.76,7.24,0.509,11.546,3.758,5.06
2021-06-24,24.8,22.6,23.3,91,5.638888888888889,7.02,4.9,944.6,4.22,2.95,0.264,5.266,1.793,2.43
2021-06-25,26.0,22.3,23.6,88,5.583333333333334,11.6,2.2,943.6,4.18,4.87,0.363,7.707,2.568,3.55
2021-06-26,27.2,22.1,24.1,84,5.75,18.73,0.7,943.7,4.3,7.87,0.501,12.877,4.053,5.41
2021-06-27,24.3,22.1,23.0,91,3.5833333333333335,6.75,24.3,945.0,2.68,2.84,0.256,5.094,1.67,2.44
2021-06-28,27.9,21.7,23.9,89,3.3611111111111107,14.21,8.1,944.1,2.51,5.97,0.349,9.316,2.866,3.78
2021-06-29,29.2,22.1,24.9,84,4.138888888888889,19.23,1.7,943.9,3.1,8.08,0.537,13.586,4.283,6.12
2021-06-30,28.6,22.6,25.1,84,5.305555555555556,18.59,1.8,944.0,3.97,7.81,0.532,12.963,4.163,5.64
2021-07-01,28.5,22.6,25.0,81,5.722222222222222,19.24,0.0,942.6,4.28,8.08,0.63,13.384,4.498,5.87
2021-07-02,29.1,22.5,24.8,80,6.25,20.3,0.1,943.1,4.68,8.53,0.675,14.369,4.85,6.31
2021-07-03,29.2,22.1,25.2,80,4.888888888888889,21.27,0.0,944.0,3.66,8.93,0.671,15.242,4.98,6.71
2021-07-04,29.1,22.8,25.2,81,4.138888888888889,19.05,0.6,944.4,3.1,8.0,0.646,13.301,4.425,5.87
2021-07-05,29.4,21.8,25.1,82,3.8333333333333335,19.34,1.1,944.2,2.87,8.12,0.604,13.579,4.397,5.97
2021-07-06,29.7,22.2,25.4,83,3.333333333333333,18.29,1.1,943.2,2.49,7.68,0.582,12.741,4.135,5.58
2021-07-07,28.8,22.7,25.6,83,4.111111111111112,19.43,4.2,943.1,3.08,8.16,0.571,13.715,4.401,5.86
2021-07-08,28.6,23.2,25.0,86,4.361111111111111,17.39,8.0,943.0,3.26,7.3,0.473,12.022,3.794,4.93
2021-07-09,27.1,22.9,24.3,86,4.194444444444445,10.5,6.8,941.2,3.14,4.41,0.447,7.166,2.562,3.19
2021-07-10,27.7,22.5,24.0,90,3.7222222222222223,11.2,17.1,940.0,2.78,4.7,0.322,7.707,2.437,3.18
2021-07-11,29.0,22.1,24.6,86,4.666666666666667,16.53,2.0,939.1,3.49,6.94,0.467,11.185,3.581,4.9
2021-07-12,27.3,22.5,24.1,88,5.861111111111112,10.62,3.8,938.0,4.38,4.46,0.381,7.287,2.537,3.41
2021-07-13,25.7,23.0,23.9,90,5.638888888888889,9.65,11.0,939.0,4.22,4.05,0.306,6.73,2.221,2.77
2021-07-14,25.8,22.8,23.6,92,5.249999999999999,8.04,18.8,939.7,3.93,3.38,0.244,5.883,1.875,2.53
2021-07-15,27.8,22.8,24.2,89,5.222222222222222,14.21,16.5,938.7,3.91,5.97,0.358,9.397,2.937,3.97
2021-07-16,26.5,23.0,24.4,88,6.222222222222221,14.91,6.5,941.5,4.65,6.26,0.376,9.601,3.042,3.92
2021-07-17,27.5,23.0,24.5,88,6.777777777777777,16.79,2.1,943.1,5.07,7.05,0.389,11.418,3.469,4.65
2021-07-18,25.9,23.1,24.0,91,5.777777777777778,12.46,20.0,941.9,4.32,5.23,0.278,8.331,2.506,3.35
2021-07-19,26.2,22.9,23.9,90,5.888888888888888,11.74,14.7,941.3,4.4,4.93,0.31,7.908,2.492,3.15
2021-07-20,24.9,22.3,23.4,91,6.111111111111111,9.26,18.1,943.1,4.57,3.89,0.263,6.465,2.057,2.8
2021-07-21,25.0,22.3,23.3,91,7.0,9.42,35.5,941.8,5.24,3.96,0.264,6.556,2.089,2.87
2021-07-22,24.3,22.8,23.4,92,7.527777777777778,7.25,29.1,939.2,5.63,3.04,0.233,5.393,1.772,2.53
2021-07-23,23.3,22.1,22.7,93,5.249999999999999,5.36,20.4,939.3,3.93,2.25,0.193,4.356,1.41,2.04
2021-07-24,27.0,21.9,24.0,87,7.138888888888888,18.49,5.6,940.8,5.34,7.77,0.403,12.77,3.774,4.83
2021-07-25,26.4,22.8,24.1,87,7.388888888888889,16.77,5.8,941.7,5.53,7.04,0.404,11.197,3.458,4.47
2021-07-26,26.3,22.5,23.9,87,8.083333333333334,19.07,6.9,942.1,6.05,8.01,0.4,13.274,3.852,5.21
2021-07-27,26.4,22.4,23.8,86,7.611111111111111,19.79,5.0,941.6,5.69,8.31,0.431,13.888,4.071,5.51
2021-07-28,25.6,22.0,23.4,88,6.805555555555555,16.26,10.1,942.1,5.09,6.83,0.356,10.615,3.18,4.32
2021-07-29,24.0,22.3,23.0,90,6.194444444444445,7.05,5.3,943.0,4.63,2.96,0.284,5.236,1.852,3.05
2021-07-30,24.2,22.4,23.1,90,6.277777777777778,6.57,7.7,943.7,4.7,2.76,0.286,4.991,1.811,2.5
2021-07-31,26.5,22.2,23.8,85,8.75,21.44,1.9,944.3,6.54,9.0,0.46,15.349,4.434,6.08
2021-08-01,24.7,22.3,23.1,86,7.944444444444445,9.76,1.7,943.2,5.94,4.1,0.406,6.595,2.553,3.55
2021-08-02,26.1,22.2,23.6,85,7.555555555555555,17.94,1.8,943.4,5.65,7.53,0.454,12.084,3.774,5.13
2021-08-03,26.2,22.1,23.7,86,7.916666666666666,19.16,5.0,944.5,5.92,8.05,0.424,13.26,3.919,5.18
2021-08-04,26.0,22.4,23.8,86,7.805555555555555,18.2,2.5,944.7,5.84,7.64,0.425,12.38,3.75,5.11
2021-08-05,26.6,22.4,24.1,85,7.138888888888888,18.3,1.9,943.0,5.34,7.69,0.464,12.489,3.894,5.08
2021-08-06,27.1,22.3,24.2,84,6.833333333333334,19.17,0.3,942.4,5.11,8.05,0.502,13.287,4.165,5.52
2021-08-07,27.0,22.5,24.2,84,5.611111111111111,20.85,1.6,943.2,4.2,8.76,0.503,14.838,4.492,5.92
2021-08-08,27.1,22.5,24.2,86,4.361111111111111,17.75,2.5,944.4,3.26,7.46,0.442,12.102,3.726,4.98
2021-08-09,27.8,22.2,24.3,85,5.138888888888888,18.61,1.7,945.3,3.84,7.82,0.481,12.9,4.005,5.69
2021-08-10,27.2,21.6,23.9,85,5.555555555555555,18.37,1.1,945.3,4.16,7.72,0.464,12.556,3.881,4.89
2021-08-11,26.9,22.0,23.9,84,5.305555555555556,18.74,1.5,945.3,3.97,7.87,0.495,12.843,4.014,5.45
2021-08-12,26.6,21.9,23.8,85,5.305555555555556,19.35,2.1,946.0,3.97,8.13,0.458,13.412,4.051,5.16
2021-08-13,26.9,21.8,23.6,86,5.194444444444444,17.81,3.2,944.9,3.89,7.48,0.431,12.073,3.683,4.84
2021-08-14,26.2,21.8,23.4,86,5.611111111111111,16.97,3.5,943.3,4.2,7.13,0.421,11.219,3.471,4.79
2021-08-15,26.5,21.8,23.5,86,5.527777777777778,18.31,2.8,943.4,4.13,7.69,0.425,12.486,3.76,5.02
2021-08-16,26.0,21.7,23.5,87,4.0,10.55,0.8,944.6,2.99,4.43,0.387,7.083,2.407,3.05
2021-08-17,24.5,21.9,22.7,92,3.6666666666666665,6.32,7.7,944.5,2.74,2.65,0.228,4.877,1.567,1.98
2021-08-18,24.3,21.7,22.6,92,4.694444444444444,6.67,6.7,942.9,3.51,2.8,0.225,5.054,1.626,2.27
2021-08-19,23.0,21.6,22.1,94,4.527777777777778,5.04,20.7,942.6,3.39,2.12,0.162,4.183,1.284,1.6
2021-08-20,25.6,21.5,23.0,89,3.888888888888889,12.23,6.4,943.2,2.91,5.14,0.322,7.994,2.486,3.35
2021-08-21,26.1,21.7,23.0,87,5.416666666666667,13.83,2.6,944.3,4.05,5.81,0.389,8.82,2.857,3.82
2021-08-22,27.3,21.5,23.5,88,4.555555555555555,17.29,3.9,944.8,3.41,7.26,0.372,11.719,3.469,4.53
2021-08-23,28.9,21.1,24.0,85,3.8055555555555554,21.07,1.1,944.9,2.85,8.85,0.486,15.212,4.542,6.38
2021-08-24,29.4,21.2,24.4,84,4.416666666666667,22.98,0.7,944.8,3.3,9.65,0.529,16.989,5.059,6.84
2021-08-25,28.2,21.6,24.1,85,5.055555555555555,19.37,1.4,943.9,3.78,8.14,0.48,13.598,4.155,5.24
2021-08-26,27.0,21.7,23.7,86,5.166666666666667,17.77,1.9,942.4,3.86,7.46,0.431,12.039,3.681,4.94
2021-08-27,28.0,21.9,24.2,85,4.416666666666667,19.27,1.9,942.0,3.3,8.09,0.481,13.506,4.135,5.41
2021-08-28,27.4,21.4,23.9,84,4.305555555555555,18.94,1.1,941.1,3.22,7.95,0.496,13.036,4.044,5.52
2021-08-29,26.8,20.8,23.5,85,4.111111111111112,15.33,0.3,940.8,3.08,6.44,0.449,9.647,3.137,4.06
2021-08-30,25.5,21.8,23.3,87,4.277777777777778,10.1,8.8,942.0,3.2,4.24,0.382,6.82,2.349,3.11
2021-08-31,23.8,21.8,22.5,93,4.527777777777778,6.44,25.8,942.0,3.39,2.7,0.195,4.932,1.528,2.11
2021-09-01,25.9,22.0,23.4,91,5.472222222222222,13.41,6.3,942.9,4.09,5.63,0.269,8.769,2.568,3.55
2021-09-02,26.4,22.0,23.7,87,5.361111111111112,16.59,1.5,943.1,4.01,6.97,0.396,10.96,3.359,4.3
2021-09-03,27.1,22.0,24.0,85,5.555555555555555,19.25,0.5,942.6,4.16,8.08,0.467,13.387,4.078,5.39
2021-09-04,26.7,22.4,23.9,89,4.75,14.29,9.7,942.9,3.55,6.0,0.342,9.28,2.859,3.74
2021-09-05,24.8,22.2,23.2,91,4.472222222222222,8.43,8.5,943.0,3.35,3.54,0.261,6.01,1.922,2.46
2021-09-06,25.9,22.0,23.5,91,3.4722222222222223,11.03,10.5,942.2,2.6,4.63,0.269,7.471,2.273,3.3
2021-09-07,25.9,22.2,23.5,92,4.111111111111112,7.51,11.2,940.5,3.08,3.15,0.241,5.574,1.777,2.43
2021-09-08,25.1,22.2,23.4,91,6.527777777777778,9.78,13.8,940.2,4.88,4.11,0.264,6.751,2.126,2.65
2021-09-09,25.7,22.5,23.7,88,7.472222222222221,17.94,9.4,943.5,5.59,7.53,0.362,12.216,3.526,4.84
2021-09-10,27.0,22.3,23.9,87,7.305555555555555,19.17,2.8,943.6,5.46,8.05,0.407,13.431,3.914,5.54
2021-09-11,26.1,22.4,23.9,88,6.388888888888888,15.99,6.5,941.7,4.78,6.72,0.365,10.459,3.187,4.4
2021-09-12,25.9,22.5,23.8,90,6.194444444444445,14.7,9.3,939.9,4.63,6.17,0.303,9.47,2.812,3.52
2021-09-13,26.2,22.6,24.0,89,6.861111111111111,14.94,7.8,939.4,5.13,6.27,0.338,9.595,2.936,3.84
2021-09-14,27.0,22.3,24.0,86,7.0,19.33,1.9,940.3,5.24,8.12,0.438,13.526,4.032,5.57
2021-09-15,26.1,22.0,23.5,85,6.027777777777778,14.64,0.0,941.7,4.51,6.15,0.452,9.175,3.123,4.06
2021-09-16,26.5,21.6,23.6,83,5.666666666666666,18.03,0.0,942.8,4.24,7.57,0.514,12.06,3.888,5.25
2021-09-17,26.4,21.2,23.4,84,5.416666666666667,18.27,0.1,943.1,4.05,7.67,0.477,12.288,3.837,5.23
2021-09-18,26.8,21.1,23.4,87,4.888888888888889,17.0,1.0,944.6,3.66,7.14,0.392,11.308,3.415,4.41
2021-09-19,26.7,21.7,23.6,88,3.8055555555555554,16.46,2.2,946.3,2.85,6.91,0.366,10.899,3.271,4.35
2021-09-20,26.8,22.2,23.8,89,4.361111111111111,14.31,2.4,945.7,3.26,6.01,0.341,9.285,2.851,3.32
2021-09-21,25.3,22.1,23.2,91,4.388888888888889,9.01,7.1,944.6,3.28,3.78,0.265,6.342,2.003,2.52
2021-09-22,25.6,22.1,23.3,90,4.916666666666666,11.83,4.0,943.0,3.68,4.97,0.297,7.855,2.427,3.2
2021-09-23,27.1,21.8,23.4,91,4.0,15.28,3.6,943.2,2.99,6.42,0.279,10.021,2.894,3.67
2021-09-24,28.0,21.9,24.1,84,3.8333333333333335,19.12,0.5,944.2,2.87,8.03,0.513,13.315,4.137,5.76
2021-09-25,27.7,21.0,23.8,85,3.8333333333333335,15.17,0.7,944.4,2.87,6.37,0.465,9.623,3.153,3.99
2021-09-26,27.0,20.8,23.3,87,4.0,15.22,1.6,942.6,2.99,6.39,0.391,9.67,3.023,3.96
2021-09-27,24.5,21.6,22.5,92,3.555555555555556,6.06,9.4,941.2,2.66,2.55,0.226,4.733,1.525,2.05
2021-09-28,24.8,21.4,22.4,93,4.694444444444444,6.11,9.7,940.7,3.51,2.57,0.199,4.772,1.502,2.22
2021-09-29,26.6,22.1,23.6,88,6.111111111111111,17.41,1.3,942.3,4.57,7.31,0.369,11.797,3.471,4.41
2021-09-30,27.7,22.0,24.1,86,4.888888888888889,18.35,0.7,945.2,3.66,7.71,0.445,12.684,3.867,5.33
2021-10-01,29.2,21.2,24.3,87,3.1111111111111107,18.79,2.2,945.9,2.33,7.89,0.427,13.268,3.985,5.31
2021-10-02,28.7,21.9,24.6,88,2.8055555555555554,15.58,5.3,945.6,2.1,6.54,0.394,10.36,3.207,4.13
2021-10-03,29.4,21.8,24.9,89,2.4166666666666665,17.62,4.7,945.3,1.81,7.4,0.369,12.376,3.715,5.02
2021-10-04,29.4,22.0,25.1,87,1.5555555555555554,17.32,1.5,944.8,1.16,7.27,0.438,12.011,3.7,4.96
2021-10-05,29.8,22.3,25.0,88,3.0,16.9,2.2,945.0,2.24,7.1,0.413,11.761,3.611,4.72
2021-10-06,28.3,21.3,24.2,89,3.333333333333333,15.47,11.1,944.4,2.49,6.5,0.351,10.206,3.097,4.14
2021-10-07,29.5,22.3,25.2,85,4.277777777777778,17.89,2.8,943.7,3.2,7.51,0.511,12.466,3.977,5.24
2021-10-08,27.9,22.1,24.4,89,2.7777777777777777,14.75,5.5,944.3,2.08,6.19,0.353,9.651,2.963,3.97
2021-10-09,29.0,21.6,24.1,89,3.9722222222222223,16.46,7.3,945.5,2.97,6.91,0.362,11.236,3.362,4.58
2021-10-10,28.2,22.2,24.0,90,3.4444444444444446,14.56,3.7,945.5,2.58,6.12,0.325,9.641,2.909,4.12
2021-10-11,28.2,21.6,24.3,88,2.9166666666666665,16.55,2.0,944.0,2.18,6.95,0.384,11.16,3.391,4.34
2021-10-12,29.3,20.8,24.4,81,2.75,19.48,0.2,943.6,2.06,8.18,0.621,13.562,4.333,6.1
2021-10-13,29.7,21.5,25.1,73,3.2499999999999996,21.41,0.1,943.7,2.43,8.99,0.909,14.985,5.187,6.62
2021-10-14,29.2,20.9,24.9,71,3.2499999999999996,20.74,0.0,943.4,2.43,8.71,0.946,14.153,5.027,6.68
2021-10-15,29.6,19.6,24.3,72,3.0,20.64,0.0,941.4,2.24,8.67,0.9,14.084,4.885,6.6
2021-10-16,29.5,19.8,24.7,67,2.111111111111111,21.87,0.0,940.7,1.58,9.19,1.061,14.925,5.137,6.89
2021-10-17,30.0,21.3,25.0,71,3.7222222222222223,19.83,0.3,941.4,2.78,8.33,0.983,13.435,4.995,6.57
2021-10-18,28.0,20.1,23.4,80,4.805555555555555,19.42,0.0,944.1,3.59,8.16,0.613,13.243,4.337,5.75
2021-10-19,28.4,19.4,23.1,81,3.1666666666666665,21.1,0.0,947.4,2.37,8.86,0.582,14.841,4.562,6.01
2021-10-20,29.3,18.6,23.7,72,2.5,19.94,0.0,949.2,1.87,8.37,0.871,13.348,4.55,5.98
2021-10-21,29.4,19.7,24.6,56,3.0,22.0,0.0,949.5,2.24,9.24,1.407,14.35,5.688,7.71
2021-10-22,29.1,19.1,24.0,59,2.305555555555556,21.77,0.0,949.3,1.72,9.14,1.279,14.274,5.244,7.05
2021-10-23,29.6,18.4,23.8,65,2.2222222222222223,21.52,0.0,949.3,1.66,9.04,1.096,14.425,5.041,6.62
2021-10-24,28.8,19.0,23.3,73,2.4166666666666665,20.21,0.0,949.5,1.81,8.49,0.831,13.617,4.543,6.19
2021-10-25,29.2,17.2,22.9,74,3.555555555555556,20.48,0.0,948.7,2.66,8.6,0.782,13.869,4.688,6.3
2021-10-26,29.7,17.8,23.7,62,2.972222222222222,20.52,0.0,947.6,2.22,8.62,1.18,13.311,5.082,6.9
2021-10-27,29.5,17.0,23.5,51,3.8333333333333335,21.42,0.0,948.2,2.87,9.0,1.485,13.409,5.919,7.99
2021-10-28,29.7,16.4,23.3,55,4.444444444444445,20.0,0.0,948.5,3.32,8.4,1.358,12.357,5.65,7.41
2021-10-29,29.2,17.2,23.1,55,3.5277777777777777,21.49,0.0,949.4,2.64,9.03,1.353,13.706,5.646,7.44
2021-10-30,29.8,17.2,23.6,56,3.333333333333333,20.12,0.0,950.0,2.49,8.45,1.355,12.563,5.292,7.17
2021-10-31,30.6,18.3,24.4,61,2.5833333333333335,20.32,0.0,949.3,1.93,8.53,1.266,13.181,5.046,6.82
2021-11-01,30.4,18.2,24.1,68,2.6666666666666665,19.29,0.0,947.9,1.99,8.1,1.029,12.63,4.615,6.15
2021-11-02,31.0,19.2,24.8,66,3.3888888888888884,19.28,0.0,947.5,2.53,8.1,1.142,12.621,4.974,6.65
2021-11-03,29.5,19.5,24.2,66,3.9166666666666665,17.66,1.8,947.7,2.93,7.42,1.086,10.977,4.622,6.35
2021-11-04,29.3,20.3,24.3,75,3.6944444444444446,15.6,0.1,947.4,2.76,6.55,0.807,9.626,3.747,4.91
2021-11-05,29.5,20.4,24.0,79,3.194444444444444,17.11,2.1,947.3,2.39,7.19,0.685,11.269,3.873,5.25
2021-11-06,30.1,20.3,24.4,76,4.333333333333333,18.04,1.1,946.2,3.24,7.58,0.798,12.026,4.41,5.85
2021-11-07,29.4,20.0,23.9,68,4.527777777777778,14.52,0.0,945.9,3.39,6.1,1.03,8.444,4.081,5.41
2021-11-08,29.4,18.8,23.0,58,3.9166666666666665,20.03,0.0,947.3,2.93,8.41,1.317,12.627,5.46,7.44
2021-11-09,28.8,15.9,22.1,50,3.944444444444444,20.21,0.0,947.9,2.95,8.49,1.442,12.147,5.621,7.62
2021-11-10,28.6,16.3,22.0,53,3.222222222222222,20.16,0.0,947.3,2.41,8.47,1.355,12.281,5.205,7.06
2021-11-11,28.8,14.6,22.0,50,3.9166666666666665,18.33,0.0,945.8,2.93,7.7,1.405,10.391,5.139,7.05
2021-11-12,29.6,15.9,23.0,54,3.8333333333333335,19.56,0.0,945.7,2.87,8.22,1.369,11.867,5.351,7.14
2021-11-13,30.6,19.2,24.6,64,3.6944444444444446,15.54,0.0,945.9,2.76,6.53,1.191,9.011,4.254,5.77
2021-11-14,30.3,21.8,25.3,73,3.75,15.89,0.6,945.6,2.8,6.67,0.935,10.001,4.068,5.38
2021-11-15,30.6,21.2,25.4,73,3.611111111111111,16.59,0.3,944.4,2.7,6.97,0.933,10.641,4.195,5.64
2021-11-16,30.9,22.0,25.3,76,5.5,13.28,0.5,944.3,4.11,5.58,0.853,8.544,3.894,5.17
2021-11-17,28.9,21.6,24.0,84,5.638888888888889,12.21,15.4,945.4,4.22,5.13,0.525,8.098,3.052,4.08
2021-11-18,28.6,21.0,23.8,85,4.416666666666667,14.37,5.0,945.4,3.3,6.04,0.48,9.24,3.123,4.25
2021-11-19,28.9,19.6,24.2,79,4.222222222222222,15.4,0.1,943.4,3.16,6.47,0.658,9.566,3.539,4.6
2021-11-20,29.7,21.5,24.6,80,5.555555555555555,14.81,3.1,942.9,4.16,6.22,0.674,9.389,3.686,5.23
2021-11-21,28.4,21.7,24.0,87,5.083333333333333,12.13,4.4,945.4,3.8,5.09,0.42,8.131,2.78,3.56
2021-11-22,28.6,21.2,24.3,80,2.2777777777777777,15.04,0.3,948.0,1.7,6.32,0.643,9.365,3.212,4.1
2021-11-23,29.5,21.0,24.4,85,2.388888888888889,14.97,0.8,947.8,1.79,6.29,0.496,9.683,3.137,4.36
2021-11-24,30.1,21.0,24.9,78,4.138888888888889,17.25,0.2,947.8,3.1,7.24,0.743,11.462,4.15,5.65
2021-11-25,29.7,19.7,24.4,73,2.7777777777777777,18.53,0.0,948.3,2.08,7.78,0.873,12.218,4.33,5.87
2021-11-26,29.3,18.7,23.3,68,2.8055555555555554,18.86,0.0,948.5,2.1,7.92,0.997,12.134,4.473,6.06
2021-11-27,28.8,17.0,23.0,64,3.7222222222222223,18.64,0.0,948.4,2.78,7.83,1.062,11.573,4.676,6.23
2021-11-28,27.8,16.3,21.4,56,4.222222222222222,18.6,0.0,948.7,3.16,7.81,1.23,10.959,5.044,6.59
2021-11-29,26.8,15.4,21.6,64,4.916666666666666,14.62,0.0,949.1,3.68,6.14,0.949,7.823,3.926,5.25
2021-11-30,27.3,19.3,22.8,76,5.416666666666667,11.6,0.3,948.7,4.05,4.87,0.704,7.226,3.279,4.27
2021-12-01,21.0,17.9,19.6,88,4.027777777777778,2.39,36.9,947.5,3.01,1.0,0.272,1.918,1.002,1.48
2021-12-02,23.9,16.9,20.1,92,4.75,6.83,28.3,946.6,3.55,2.87,0.196,5.03,1.522,2.01
2021-12-03,24.2,19.1,20.9,93,2.138888888888889,8.35,7.5,947.7,1.6,3.51,0.183,5.872,1.687,2.13
2021-12-04,25.5,19.3,21.8,88,2.5277777777777777,12.43,1.4,948.5,1.89,5.22,0.33,7.92,2.415,3.17
2021-12-05,26.4,17.3,20.7,82,2.4722222222222223,16.53,0.0,948.5,1.85,6.94,0.487,10.322,3.19,4.32
2021-12-06,26.7,17.3,21.2,80,2.2222222222222223,16.37,0.1,948.3,1.66,6.88,0.548,10.112,3.211,4.2
2021-12-07,26.6,16.7,21.0,78,4.222222222222222,17.21,0.0,948.9,3.16,7.23,0.592,10.746,3.635,4.72
2021-12-08,26.6,16.2,21.2,73,2.944444444444444,17.33,0.0,949.1,2.2,7.28,0.719,10.588,3.673,4.93
2021-12-09,26.8,16.6,21.5,72,2.5555555555555554,17.27,0.0,950.4,1.91,7.25,0.758,10.521,3.65,4.9
2021-12-10,27.2,17.1,21.5,75,3.3611111111111107,16.98,0.0,951.0,2.51,7.13,0.695,10.471,3.675,4.82
2021-12-11,27.0,16.9,21.4,74,3.861111111111111,16.87,0.0,950.7,2.89,7.09,0.714,10.288,3.745,4.92
2021-12-12,26.7,16.0,21.1,73,3.0555555555555554,16.61,0.2,950.6,2.29,6.98,0.718,9.926,3.535,4.75
2021-12-13,26.9,15.9,21.2,72,1.972222222222222,17.41,0.0,949.7,1.48,7.31,0.749,10.629,3.544,4.51
2021-12-14,26.7,17.2,21.4,70,2.055555555555556,16.89,0.0,949.1,1.54,7.09,0.82,10.087,3.512,4.47
2021-12-15,26.6,17.2,21.7,73,3.2499999999999996,15.23,0.5,949.4,2.43,6.4,0.735,8.703,3.313,4.31
2021-12-16,26.7,17.3,21.8,76,2.5,14.64,0.2,950.2,1.87,6.15,0.657,8.492,3.004,3.97
2021-12-17,26.6,15.8,21.1,70,2.611111111111111,17.58,0.0,950.5,1.95,7.38,0.792,10.651,3.734,5.03
2021-12-18,26.2,15.0,20.2,64,2.5,18.05,0.0,950.4,1.87,7.58,0.919,10.714,3.897,5.42
2021-12-19,25.6,14.4,19.3,68,3.6944444444444446,18.07,0.0,950.9,2.76,7.59,0.788,10.859,3.973,5.43
2021-12-20,25.8,13.0,19.4,67,2.5,18.0,0.0,950.7,1.87,7.56,0.795,10.721,3.705,4.92
2021-12-21,26.3,15.1,20.1,64,2.138888888888889,18.02,0.0,950.4,1.6,7.57,0.925,10.698,3.794,5.06
2021-12-22,27.0,16.8,21.0,64,2.1944444444444446,18.0,0.0,949.0,1.64,7.56,0.986,10.803,3.926,5.08
2021-12-23,28.2,17.5,21.7,65,2.25,17.91,0.0,948.6,1.68,7.52,1.019,10.918,4.021,5.36
2021-12-24,28.5,17.0,21.7,64,3.3611111111111107,18.03,0.0,948.5,2.51,7.57,1.049,10.981,4.421,5.85
2021-12-25,28.2,15.6,20.8,65,2.305555555555556,17.96,0.0,949.1,1.72,7.54,0.979,10.889,3.97,5.34
2021-12-26,28.2,15.1,21.4,66,2.111111111111111,17.46,0.0,950.1,1.58,7.33,0.942,10.465,3.767,4.9
2021-12-27,27.9,16.4,21.7,64,2.1944444444444446,17.23,0.0,950.4,1.64,7.24,1.012,10.163,3.805,5.15
2021-12-28,28.1,16.6,21.9,62,3.7222222222222223,16.53,0.0,949.3,2.78,6.94,1.081,9.435,4.225,5.86
2021-12-29,25.7,12.4,19.8,65,2.75,18.09,0.0,949.1,2.06,7.6,0.83,10.683,3.815,5.07
2021-12-30,26.3,14.7,19.8,72,4.805555555555555,14.08,0.0,950.8,3.59,5.91,0.713,7.912,3.384,4.57
2021-12-31,26.9,16.1,20.6,72,4.083333333333333,16.96,0.0,951.9,3.05,7.12,0.752,10.223,3.839,5.22
2022-01-01,27.2,15.0,21.2,70,2.7777777777777777,17.19,0.0,952.2,2.08,7.22,0.797,10.32,3.7,4.87
2022-01-02,26.7,16.6,21.5,72,3.611111111111111,16.06,0.3,950.9,2.7,6.75,0.755,9.398,3.578,4.8
2022-01-03,27.6,16.2,21.7,70,2.75,16.75,0.0,950.3,2.06,7.04,0.83,10.004,3.674,4.9
2022-01-04,27.5,17.8,21.5,67,2.5555555555555554,17.87,0.0,950.2,1.91,7.51,0.942,10.936,4.012,5.36
2022-01-05,27.0,15.3,21.3,65,2.972222222222222,17.92,0.0,949.5,2.22,7.53,0.928,10.727,4.049,5.28
2022-01-06,27.8,17.3,21.7,69,2.7222222222222223,16.61,0.0,948.6,2.04,6.98,0.885,9.892,3.722,4.97
2022-01-07,27.8,15.4,20.5,76,4.583333333333333,16.42,0.0,948.1,3.43,6.9,0.658,9.99,3.655,4.95
2022-01-08,25.6,15.0,19.9,79,3.6944444444444446,14.69,0.0,948.7,2.76,6.17,0.524,8.433,2.913,4.1
2022-01-09,24.7,15.5,19.5,78,3.5277777777777777,15.21,4.2,948.2,2.64,6.39,0.536,8.654,2.963,4.09
2022-01-10,25.4,14.4,19.0,67,3.75,17.93,0.0,948.1,2.8,7.53,0.806,10.664,3.978,5.63
2022-01-11,24.7,13.9,18.3,71,3.5277777777777777,18.8,0.0,947.9,2.64,7.9,0.681,11.575,3.87,5.04
2022-01-12,24.2,11.5,17.5,77,3.1111111111111107,15.29,0.0,947.7,2.33,6.42,0.503,8.486,2.785,3.84
2022-01-13,24.2,12.9,17.9,80,3.0555555555555554,14.09,0.4,947.1,2.29,5.92,0.451,7.997,2.581,3.47
2022-01-14,24.5,14.4,18.7,77,2.111111111111111,15.73,0.1,947.3,1.58,6.61,0.542,9.021,2.861,4.14
2022-01-15,26.4,13.4,19.6,70,3.5,17.91,0.0,948.5,2.62,7.52,0.747,10.848,3.858,5.02
2022-01-16,26.9,14.6,20.1,70,4.027777777777778,16.99,0.1,949.6,3.01,7.14,0.781,10.091,3.86,5.02
2022-01-17,26.5,16.2,21.1,71,3.8055555555555554,16.89,0.4,951.5,2.85,7.09,0.769,10.073,3.795,4.97
2022-01-18,27.2,15.3,21.4,68,2.5,18.85,0.0,950.9,1.87,7.92,0.855,11.757,4.076,5.12
2022-01-19,27.2,17.4,22.0,57,2.0,19.21,0.0,949.8,1.5,8.07,1.203,11.565,4.319,5.68
2022-01-20,28.4,15.3,21.0,57,3.611111111111111,19.4,0.0,947.2,2.7,8.15,1.206,11.776,4.977,6.52
2022-01-21,28.6,14.8,20.9,64,3.3611111111111107,19.37,0.0,946.9,2.51,8.14,1.008,12.145,4.618,6.18
2022-01-22,25.7,15.7,20.2,76,5.916666666666667,17.88,0.6,945.5,4.43,7.51,0.61,11.125,3.903,5.26
2022-01-23,22.5,12.1,18.1,76,5.111111111111111,15.52,1.1,945.7,3.82,6.52,0.496,8.528,2.991,4.27
2022-01-24,22.2,11.3,15.6,75,1.9166666666666667,20.13,0.0,946.0,1.43,8.45,0.502,12.681,3.518,4.83
2022-01-25,24.5,9.4,17.0,65,2.388888888888889,20.31,0.0,946.2,1.79,8.53,0.744,12.569,3.973,5.21
2022-01-26,25.7,9.9,18.0,61,2.7777777777777777,20.2,0.0,946.9,2.08,8.48,0.882,12.387,4.27,5.56
2022-01-27,26.2,11.4,18.3,58,3.0277777777777777,20.07,0.0,947.8,2.26,8.43,0.997,12.181,4.497,6.07
2022-01-28,26.4,11.8,18.8,57,3.0277777777777777,20.37,0.0,948.9,2.26,8.56,1.038,12.428,4.628,5.97
2022-01-29,27.2,11.0,19.1,53,2.694444444444444,20.74,0.0,949.6,2.02,8.71,1.156,12.607,4.761,6.62
2022-01-30,28.3,14.9,21.0,50,2.2777777777777777,20.73,0.0,948.7,1.7,8.71,1.385,12.566,4.907,6.72
2022-01-31,29.4,14.9,21.6,49,2.25,20.99,0.0,947.5,1.68,8.82,1.477,12.829,5.077,6.7
2022-02-01,29.7,16.9,22.5,43,2.4166666666666665,21.01,0.0,947.0,1.81,8.82,1.737,12.504,5.417,6.97
2022-02-02,31.1,17.8,23.1,50,3.5833333333333335,21.0,0.0,947.2,2.68,8.82,1.639,13.118,6.028,8.24
2022-02-03,28.2,13.8,20.6,54,4.416666666666667,21.55,0.0,946.1,3.3,9.05,1.242,13.529,5.71,7.6
2022-02-04,26.4,14.5,19.1,72,2.972222222222222,20.64,0.0,945.9,2.22,8.67,0.713,13.494,4.293,5.91
2022-02-05,28.7,14.7,20.8,58,3.138888888888889,21.3,0.0,946.5,2.35,8.95,1.178,13.593,5.189,6.68
2022-02-06,29.5,13.2,21.7,54,2.944444444444444,21.3,0.0,948.6,2.2,8.95,1.297,13.399,5.27,6.94
2022-02-07,30.3,14.8,21.6,64,3.2777777777777777,21.21,0.0,949.1,2.45,8.91,1.08,14.017,5.165,6.89
2022-02-08,29.5,14.6,21.2,68,4.333333333333333,21.24,0.0,948.2,3.24,8.92,0.926,14.171,5.127,6.84
2022-02-09,28.8,13.0,19.7,66,3.4722222222222223,21.78,0.0,947.6,2.6,9.15,0.928,14.437,5.002,6.6
2022-02-10,28.9,13.4,21.2,56,3.638888888888889,21.47,0.0,948.2,2.72,9.02,1.214,13.622,5.422,7.32
2022-02-11,29.0,15.2,22.1,48,3.7777777777777777,21.69,0.0,948.6,2.83,9.11,1.491,13.383,5.935,7.75
2022-02-12,29.6,15.2,21.9,48,2.5277777777777777,21.79,0.0,948.0,1.89,9.15,1.527,13.522,5.457,7.25
2022-02-13,29.4,16.3,23.0,48,3.611111111111111,21.83,0.0,946.5,2.7,9.17,1.548,13.565,5.987,8.0
2022-02-14,30.0,17.4,22.6,44,4.472222222222222,22.09,0.0,946.2,3.35,9.28,1.745,13.6,6.787,9.13
2022-02-15,29.6,16.6,22.1,47,4.388888888888889,22.16,0.0,946.3,3.28,9.31,1.599,13.824,6.508,8.78
2022-02-16,28.8,14.3,21.3,54,4.444444444444445,21.77,0.0,944.6,3.32,9.14,1.286,13.792,5.86,7.64
2022-02-17,29.0,14.9,21.9,50,4.111111111111112,21.91,0.0,943.5,3.08,9.2,1.425,13.706,6.015,7.79
2022-02-18,30.5,14.8,22.8,49,3.6666666666666665,21.79,0.0,944.8,2.74,9.15,1.543,13.654,6.027,8.23
2022-02-19,32.2,18.9,24.7,44,3.555555555555556,20.6,0.0,947.4,2.66,8.65,1.958,12.439,6.328,8.49
2022-02-20,32.1,17.7,24.0,40,3.861111111111111,22.88,0.0,946.8,2.89,9.61,2.042,14.19,7.117,9.38
2022-02-21,32.0,16.9,24.0,38,2.4722222222222223,23.17,0.0,946.3,1.85,9.73,2.071,14.278,6.299,8.63
2022-02-22,33.6,18.3,25.6,33,2.5277777777777777,23.17,0.0,947.4,1.89,9.73,2.447,13.976,6.669,8.91
2022-02-23,33.8,17.4,26.3,37,2.694444444444444,22.82,0.0,949.1,2.02,9.58,2.283,14.014,6.582,8.95
2022-02-24,33.3,19.5,26.2,39,4.111111111111112,22.21,0.0,950.3,3.08,9.33,2.252,13.62,7.372,9.84
2022-02-25,32.7,17.6,26.1,34,3.9722222222222223,22.03,0.0,949.7,2.97,9.25,2.296,12.951,7.198,9.91
2022-02-26,33.7,19.7,26.2,30,3.333333333333333,21.68,0.0,949.3,2.49,9.11,2.634,12.34,7.11,9.74
2022-02-27,32.2,17.6,25.5,33,3.6944444444444446,22.16,0.0,949.7,2.76,9.31,2.285,12.951,7.037,9.35
2022-02-28,32.5,17.2,25.3,31,3.333333333333333,23.21,0.0,949.2,2.49,9.75,2.364,13.755,7.127,9.65
2022-03-01,32.7,18.3,26.0,27,3.0,20.03,0.0,949.4,2.24,8.41,2.573,10.464,6.271,8.46
2022-03-02,34.0,16.8,25.8,33,2.7222222222222223,21.28,0.0,948.8,2.04,8.94,2.423,12.254,6.334,8.65
2022-03-03,33.9,18.9,26.0,32,3.9722222222222223,20.6,0.0,948.6,2.97,8.65,2.541,11.545,7.278,9.56
2022-03-04,33.5,19.1,26.1,32,3.75,22.17,0.0,948.8,2.8,9.31,2.511,12.965,7.405,9.98
2022-03-05,33.8,17.6,26.3,33,4.055555555555555,23.16,0.0,948.3,3.03,9.73,2.436,13.975,7.733,10.47
2022-03-06,33.7,17.9,26.7,34,3.2499999999999996,20.04,0.0,947.3,2.43,8.42,2.403,11.191,6.371,8.23
2022-03-07,32.6,21.4,26.7,38,4.388888888888889,16.15,0.0,947.3,3.28,6.78,2.315,7.949,6.203,8.09
2022-03-08,32.4,22.5,27.0,39,3.3888888888888884,20.82,0.0,947.8,2.53,8.74,2.315,12.349,6.621,8.52
2022-03-09,32.6,19.7,25.8,47,5.694444444444445,19.71,0.0,947.9,4.26,8.28,1.912,11.91,7.128,9.46
2022-03-10,32.1,19.7,25.7,49,2.9166666666666665,19.66,0.0,947.8,2.18,8.26,1.805,11.967,5.574,7.54
2022-03-11,32.7,19.7,25.3,52,4.361111111111111,20.0,0.6,947.4,3.26,8.4,1.738,12.56,6.346,8.69
2022-03-12,32.8,20.2,26.0,46,2.944444444444444,21.67,0.0,947.3,2.2,9.1,1.982,13.67,6.266,8.37
2022-03-13,34.5,18.3,27.0,35,3.5833333333333335,24.21,0.0,947.5,2.68,10.17,2.461,15.181,7.714,10.53
2022-03-14,35.1,18.5,27.7,24,3.7777777777777777,24.8,0.0,947.9,2.83,10.42,2.958,14.654,8.445,11.05
2022-03-15,36.3,21.2,28.9,24,4.333333333333333,24.8,0.0,946.8,3.24,10.42,3.252,14.715,9.266,12.1
2022-03-16,37.0,21.3,29.5,23,4.972222222222221,24.82,0.0,945.4,3.72,10.42,3.391,14.648,9.949,13.26
2022-03-17,37.5,23.3,30.3,22,4.666666666666667,24.89,0.0,945.1,3.49,10.45,3.63,14.614,9.977,13.36
2022-03-18,37.6,22.9,30.1,25,3.9166666666666665,19.3,0.0,944.2,2.93,8.11,3.478,9.865,7.797,10.39
2022-03-19,37.8,21.2,27.9,44,5.611111111111111,19.81,0.0,943.6,4.2,8.32,2.54,12.347,8.363,10.84
2022-03-20,36.3,21.2,27.1,48,5.055555555555555,15.05,0.0,944.2,3.78,6.32,2.225,8.147,6.453,8.59
2022-03-21,36.1,20.3,27.5,47,3.7222222222222223,18.0,0.0,944.9,2.78,7.56,2.214,10.72,6.226,8.11
2022-03-22,37.2,23.9,29.3,36,5.138888888888888,17.46,0.0,945.1,3.84,7.33,2.979,9.421,8.012,10.78
2022-03-23,36.4,22.4,29.5,30,3.3055555555555554,16.1,0.0,944.8,2.47,6.76,3.074,7.421,6.057,8.13
2022-03-24,36.8,25.4,29.4,38,6.111111111111111,17.91,0.0,944.7,4.57,7.52,2.93,10.06,8.756,11.53
2022-03-25,36.8,21.4,28.4,59,3.944444444444444,16.81,0.2,945.9,2.95,7.06,1.795,10.741,5.644,7.45
2022-03-26,36.9,22.3,28.6,58,4.416666666666667,18.21,0.0,947.8,3.3,7.65,1.876,12.013,6.312,8.26
2022-03-27,38.4,20.9,29.2,44,3.8333333333333335,20.59,0.0,947.9,2.87,8.65,2.588,13.127,7.385,9.84
2022-03-28,38.3,21.3,29.6,44,3.5833333333333335,20.24,0.0,947.3,2.68,8.5,2.595,12.806,7.102,9.61
2022-03-29,38.7,21.7,30.8,34,5.249999999999999,25.26,0.0,946.4,3.93,10.61,3.127,16.468,9.975,13.15
2022-03-30,38.3,23.7,30.7,24,4.555555555555555,26.07,0.0,946.2,3.41,10.95,3.672,16.016,10.265,13.76
2022-03-31,37.6,20.8,29.1,21,5.166666666666667,26.48,0.0,946.4,3.86,11.12,3.531,15.948,10.76,14.27
2022-04-01,38.5,21.0,28.7,24,4.388888888888889,26.71,0.0,946.1,3.28,11.22,3.531,16.602,10.298,13.61
2022-04-02,38.8,21.6,28.9,35,6.0,26.18,0.0,946.8,4.49,11.0,3.086,17.43,10.886,14.5
2022-04-03,39.2,20.1,29.3,41,4.305555555555555,24.9,0.0,946.3,3.22,10.46,2.779,16.876,8.981,11.82
2022-04-04,41.0,21.1,29.2,50,5.277777777777778,20.86,0.1,946.8,3.95,8.76,2.57,14.308,8.571,11.34
2022-04-05,39.7,21.9,29.3,52,6.388888888888888,20.04,0.0,948.4,4.78,8.42,2.373,13.576,8.566,11.24
2022-04-06,39.1,21.8,29.4,50,6.611111111111111,22.41,0.0,948.7,4.95,9.41,2.41,15.483,9.205,12.57
2022-04-07,38.6,22.1,29.7,50,4.111111111111112,24.32,0.0,947.7,3.08,10.21,2.376,17.183,8.276,11.04
2022-04-08,39.0,22.3,29.8,45,5.5,22.82,0.0,946.3,4.11,9.58,2.663,15.399,9.089,12.01
2022-04-09,39.4,22.8,29.5,48,6.583333333333333,20.96,0.0,945.8,4.92,8.8,2.579,14.05,9.211,12.31
2022-04-10,38.3,23.0,29.2,51,6.083333333333333,23.29,0.0,945.9,4.55,9.78,2.338,16.328,9.01,12.0
2022-04-11,38.5,21.8,29.7,42,5.527777777777778,23.29,0.0,945.0,4.13,9.78,2.731,15.461,9.262,12.32
2022-04-12,38.5,23.1,30.5,36,4.694444444444444,24.21,0.0,944.1,3.51,10.17,3.082,15.733,9.338,12.54
2022-04-13,38.8,25.0,31.5,29,3.861111111111111,23.01,0.0,943.8,2.89,9.66,3.58,13.898,8.81,11.86
2022-04-14,38.6,24.4,29.9,42,6.222222222222221,24.03,0.0,944.1,4.65,10.09,2.871,16.253,10.134,13.43
2022-04-15,37.4,21.5,28.8,50,4.416666666666667,26.01,0.0,944.6,3.3,10.92,2.244,18.551,8.613,11.4
2022-04-16,38.5,20.4,28.5,39,5.472222222222222,27.05,0.0,943.6,4.09,11.36,2.807,18.584,10.278,13.66
2022-04-17,38.3,20.2,28.8,46,5.416666666666667,27.03,0.0,944.4,4.05,11.35,2.457,19.201,9.668,12.55
2022-04-18,38.8,21.0,28.5,50,6.083333333333333,24.88,0.0,946.4,4.55,10.45,2.351,17.679,9.424,12.34
2022-04-19,37.9,21.1,28.9,55,5.666666666666666,22.24,0.0,947.7,4.24,9.34,2.046,15.557,8.047,10.93
2022-04-20,39.3,21.7,29.9,48,6.499999999999999,22.4,0.0,946.0,4.86,9.41,2.522,15.313,9.301,12.65
2022-04-21,38.9,24.3,31.0,34,3.8333333333333335,21.51,0.0,944.8,2.87,9.03,3.297,13.103,8.233,10.94
2022-04-22,38.0,24.5,31.6,30,3.3055555555555554,22.18,0.0,945.6,2.47,9.32,3.395,13.179,7.846,10.55
2022-04-23,37.1,24.6,30.3,45,4.277777777777778,22.36,0.2,946.3,3.2,9.39,2.586,14.845,8.037,10.76
2022-04-24,37.8,25.0,30.2,50,3.416666666666667,21.74,0.0,946.3,2.56,9.13,2.43,14.851,7.294,10.19
2022-04-25,38.3,23.2,30.4,42,6.222222222222221,21.96,0.2,945.1,4.65,9.22,2.777,14.265,9.385,12.68
2022-04-26,39.4,23.6,31.1,37,4.527777777777778,25.01,0.0,945.3,3.39,10.5,3.168,16.688,9.552,12.72
2022-04-27,40.1,24.6,32.4,31,3.194444444444444,25.75,0.0,944.5,2.39,10.82,3.625,16.773,8.969,11.82
2022-04-28,40.1,25.6,32.2,34,6.527777777777778,23.82,0.0,945.3,4.88,10.0,3.53,15.392,11.169,14.65
2022-04-29,39.1,24.1,30.8,50,5.444444444444445,24.6,0.0,946.4,4.07,10.33,2.508,17.61,9.231,12.34
2022-04-30,37.5,23.5,30.1,41,4.777777777777778,26.53,0.0,945.1,3.57,11.14,2.756,18.292,9.542,12.61
2022-05-01,37.7,21.4,29.3,45,4.944444444444445,26.16,0.0,943.7,3.7,10.99,2.493,18.277,9.228,12.09
2022-05-02,36.5,22.2,28.5,59,5.055555555555555,25.67,0.0,944.1,3.78,10.78,1.8,18.893,8.167,10.79
2022-05-03,36.6,21.4,28.3,62,5.166666666666667,24.97,0.0,944.7,3.86,10.49,1.651,18.45,7.805,10.24
2022-05-04,38.3,20.9,28.9,54,4.916666666666666,26.78,0.0,945.6,3.68,11.25,2.117,19.699,8.905,12.13
2022-05-05,38.6,21.1,29.1,48,5.666666666666666,26.79,0.0,945.2,4.24,11.25,2.43,19.233,9.724,13.1
2022-05-06,38.2,21.3,28.9,48,5.555555555555555,26.52,0.0,944.7,4.16,11.14,2.4,18.94,9.554,12.74
2022-05-07,38.3,21.0,29.2,55,5.722222222222222,26.55,0.0,944.3,4.28,11.15,2.074,19.576,9.093,12.35
2022-05-08,39.9,22.7,30.2,47,7.666666666666667,20.91,0.0,942.7,5.73,8.78,2.675,13.973,9.878,13.18
2022-05-09,36.5,24.5,29.3,52,6.0,20.49,0.0,941.7,4.49,8.61,2.203,13.682,8.027,10.57
2022-05-10,35.5,23.5,28.3,65,5.638888888888889,20.04,1.2,941.5,4.22,8.42,1.518,14.11,6.61,9.04
2022-05-11,34.6,22.9,27.9,64,6.305555555555555,18.98,0.8,941.3,4.72,7.97,1.493,12.891,6.467,8.7
2022-05-12,33.5,24.4,27.6,71,5.444444444444445,17.63,0.0,942.4,4.07,7.4,1.193,12.101,5.413,7.06
2022-05-13,34.3,23.7,27.9,66,4.972222222222221,20.33,0.0,942.2,3.72,8.54,1.418,14.292,6.277,8.34
2022-05-14,36.4,22.3,28.1,63,5.416666666666667,26.4,0.0,942.5,4.05,11.09,1.622,19.865,8.167,10.76
2022-05-15,36.9,22.4,28.6,64,4.361111111111111,25.61,0.1,943.5,3.26,10.76,1.611,19.297,7.711,10.07
2022-05-16,39.0,23.3,29.7,61,5.666666666666666,25.27,0.0,943.0,4.24,10.61,1.921,19.14,8.632,11.65
2022-05-17,36.3,22.8,29.0,61,4.527777777777778,24.24,0.1,942.1,3.39,10.18,1.719,17.74,7.543,10.34
2022-05-18,37.0,22.4,28.9,61,5.083333333333333,21.42,0.0,942.4,3.8,9.0,1.752,15.225,7.152,9.33
2022-05-19,36.7,24.3,28.2,65,6.027777777777778,17.26,0.0,942.8,4.51,7.25,1.612,11.793,6.38,8.59
2022-05-20,32.5,23.7,26.9,69,5.194444444444444,16.84,5.4,943.6,3.89,7.07,1.212,11.044,5.16,6.78
2022-05-21,33.8,23.2,27.2,65,6.972222222222222,26.04,0.0,943.4,5.22,10.94,1.418,19.369,7.946,10.52
2022-05-22,32.6,23.3,27.1,68,6.944444444444445,23.72,0.0,941.7,5.19,9.96,1.245,17.289,7.033,9.29
2022-05-23,33.5,23.9,27.7,67,6.555555555555555,24.47,0.0,941.4,4.9,10.28,1.343,18.075,7.38,9.71
2022-05-24,33.8,23.5,27.8,68,5.5,24.05,0.0,943.8,4.11,10.1,1.305,17.771,7.023,9.37
2022-05-25,34.4,23.3,27.8,65,4.444444444444445,25.56,0.0,945.7,3.32,10.74,1.452,19.017,7.385,9.72
2022-05-26,34.6,22.1,27.4,66,4.916666666666666,26.27,0.0,945.4,3.68,11.03,1.387,19.689,7.539,10.09
2022-05-27,34.1,22.5,27.2,64,5.611111111111111,25.38,0.0,945.1,4.2,10.66,1.453,18.684,7.587,10.11
2022-05-28,33.4,22.2,27.2,65,5.944444444444444,25.06,0.0,944.3,4.45,10.53,1.369,18.347,7.392,9.82
2022-05-29,33.0,22.3,27.2,66,5.861111111111112,24.1,0.0,944.4,4.38,10.12,1.313,17.486,7.046,9.26
2022-05-30,34.4,22.1,27.4,67,5.361111111111112,25.29,0.0,943.9,4.01,10.62,1.336,18.829,7.318,9.67
2022-05-31,35.4,22.1,27.8,67,5.111111111111111,24.92,1.2,943.3,3.82,10.47,1.387,18.635,7.322,9.88
2022-06-01,35.0,24.0,28.0,66,4.5,20.68,0.1,943.5,3.37,8.69,1.463,14.736,6.338,8.53
2022-06-02,33.3,23.0,27.3,69,4.666666666666667,21.61,1.9,943.7,3.49,9.08,1.228,15.488,6.145,8.05
2022-06-03,34.9,22.3,27.6,66,4.666666666666667,24.65,0.0,943.4,3.49,10.35,1.408,18.255,7.169,9.57
2022-06-04,35.8,22.5,28.3,65,3.9166666666666665,25.44,0.2,943.2,2.93,10.68,1.505,19.055,7.352,9.92
2022-06-05,36.3,23.7,28.5,67,4.416666666666667,24.24,0.6,943.1,3.3,10.18,1.48,18.26,7.235,9.4
2022-06-06,34.4,23.9,27.4,72,4.166666666666667,19.21,12.1,943.6,3.12,8.07,1.177,13.715,5.498,7.41
2022-06-07,33.4,22.9,27.5,66,4.333333333333333,21.95,1.5,943.8,3.24,9.22,1.349,15.602,6.314,8.32
2022-06-08,34.0,22.9,27.6,71,4.166666666666667,23.35,0.6,943.6,3.12,9.81,1.176,17.318,6.416,8.64
2022-06-09,33.5,24.4,27.2,74,4.0,15.94,2.4,942.5,2.99,6.69,1.07,10.75,4.524,5.92
2022-06-10,33.6,22.9,26.3,77,4.527777777777778,20.11,3.4,942.4,3.39,8.45,0.919,14.675,5.333,6.84
2022-06-11,30.3,23.0,25.3,80,5.611111111111111,17.5,7.4,943.0,4.2,7.35,0.713,11.991,4.373,5.59
2022-06-12,29.1,22.7,25.2,79,4.833333333333333,15.45,1.7,942.9,3.62,6.49,0.713,9.867,3.799,5.07
2022-06-13,31.5,22.7,26.3,75,5.277777777777778,22.42,0.7,944.1,3.95,9.42,0.923,16.353,5.831,7.81
2022-06-14,32.6,22.5,26.6,72,5.138888888888888,23.51,0.3,944.4,3.84,9.87,1.07,17.302,6.353,8.34
2022-06-15,32.1,23.0,26.6,74,5.611111111111111,23.13,2.3,943.7,4.2,9.71,0.987,17.049,6.177,8.33
2022-06-16,31.0,23.1,26.3,75,5.722222222222222,20.39,1.7,943.4,4.28,8.56,0.915,14.451,5.42,6.98
2022-06-17,31.7,22.8,26.3,76,5.055555555555555,18.96,1.1,942.8,3.78,7.96,0.894,13.267,5.012,6.67
2022-06-18,30.5,23.3,26.3,75,5.111111111111111,20.19,0.9,943.1,3.82,8.48,0.903,14.218,5.265,6.84
2022-06-19,30.2,23.2,25.6,79,5.583333333333334,18.16,3.3,943.3,4.18,7.63,0.749,12.543,4.583,6.01
2022-06-20,27.0,22.4,24.1,88,6.027777777777778,12.01,15.2,942.1,4.51,5.04,0.376,8.019,2.69,3.59
2022-06-21,27.0,22.1,23.8,86,5.583333333333334,9.96,2.1,940.2,4.18,4.18,0.436,6.828,2.553,3.27
2022-06-22,31.1,22.2,24.8,83,4.111111111111112,14.9,5.0,941.4,3.08,6.26,0.612,9.852,3.515,4.63
2022-06-23,29.5,21.9,24.4,86,4.0,16.4,15.8,942.2,2.99,6.89,0.473,11.115,3.548,4.88
2022-06-24,29.7,22.3,24.8,83,5.166666666666667,16.97,7.8,941.0,3.86,7.13,0.583,11.535,3.936,5.16
2022-06-25,27.3,22.6,24.4,85,4.75,11.94,3.1,938.7,3.55,5.01,0.478,7.907,2.839,3.91
2022-06-26,25.8,22.4,23.7,90,6.166666666666666,10.02,20.3,938.9,4.61,4.21,0.302,6.908,2.258,2.84
2022-06-27,26.0,22.5,23.7,90,6.166666666666666,10.74,5.4,940.8,4.61,4.51,0.304,7.319,2.353,3.22
2022-06-28,27.4,22.3,24.2,86,5.972222222222222,16.1,1.5,942.1,4.47,6.76,0.444,10.603,3.422,4.78
2022-06-29,28.3,22.6,24.6,86,5.166666666666667,16.74,4.6,940.9,3.86,7.03,0.461,11.331,3.615,4.45
2022-06-30,28.5,22.8,24.5,86,5.333333333333333,16.37,5.3,940.7,3.99,6.88,0.467,11.034,3.562,4.63
2022-07-01,26.3,22.6,24.0,87,6.194444444444445,13.9,1.8,941.3,4.63,5.84,0.401,8.949,2.956,4.03
2022-07-02,26.7,22.6,24.1,86,6.916666666666666,17.64,3.3,940.1,5.17,7.41,0.437,11.963,3.708,4.91
2022-07-03,27.2,22.5,24.1,86,6.861111111111111,16.63,3.8,940.0,5.13,6.98,0.443,11.084,3.541,4.78
2022-07-04,26.3,22.3,23.8,87,5.75,11.7,2.8,939.7,4.3,4.91,0.397,7.749,2.671,3.47
2022-07-05,25.1,22.4,23.4,91,5.416666666666667,8.56,14.4,938.3,4.05,3.6,0.265,6.102,1.975,2.65
2022-07-06,24.8,22.3,23.2,90,5.444444444444445,7.43,4.2,939.7,4.07,3.12,0.291,5.462,1.895,2.5
2022-07-07,25.4,22.4,23.5,89,6.638888888888888,10.4,7.0,942.4,4.97,4.37,0.327,7.059,2.367,3.33
2022-07-08,24.5,22.1,22.9,91,6.75,6.43,9.0,941.7,5.05,2.7,0.258,4.929,1.734,2.35
2022-07-09,23.9,21.0,22.2,92,5.75,6.39,22.2,940.2,4.3,2.68,0.218,4.882,1.588,2.17
2022-07-10,23.6,21.1,22.2,92,5.916666666666667,6.92,12.0,940.9,4.43,2.91,0.217,5.152,1.644,2.13
2022-07-11,22.7,21.3,21.8,93,5.777777777777778,4.85,34.6,942.2,4.32,2.04,0.185,4.074,1.331,1.7
2022-07-12,24.2,21.5,22.3,92,6.583333333333333,8.46,30.1,941.6,4.92,3.55,0.223,5.993,1.843,2.39
2022-07-13,23.3,21.5,22.2,92,7.361111111111111,4.47,32.0,938.6,5.51,1.88,0.217,3.868,1.416,1.95
2022-07-14,23.7,21.7,22.6,92,7.25,9.1,36.0,936.1,5.42,3.82,0.221,6.314,1.91,2.48
2022-07-15,25.5,22.4,23.3,90,7.527777777777778,10.77,20.0,937.3,5.63,4.52,0.299,7.294,2.349,3.18
2022-07-16,26.1,22.6,23.9,89,6.805555555555555,16.57,13.5,938.8,5.09,6.96,0.337,11.061,3.237,4.63
2022-07-17,26.7,22.6,24.1,87,7.083333333333333,19.17,6.0,941.3,5.3,8.05,0.406,13.422,3.922,5.36
2022-07-18,25.1,22.1,23.0,91,5.638888888888889,6.51,9.7,941.8,4.22,2.73,0.263,4.987,1.728,2.26
2022-07-19,24.9,21.9,23.1,90,6.055555555555555,11.24,1.5,942.6,4.53,4.72,0.289,7.473,2.333,3.29
2022-07-20,26.5,21.7,23.7,87,5.972222222222222,15.97,1.5,943.5,4.47,6.71,0.394,10.375,3.233,4.25
2022-07-21,27.5,21.9,24.0,84,5.305555555555556,19.14,2.1,943.8,3.97,8.04,0.504,13.273,4.135,5.21
2022-07-22,27.0,21.8,24.0,85,5.5,19.32,1.8,944.3,4.11,8.11,0.463,13.423,4.075,5.28
2022-07-23,25.6,22.1,23.4,87,5.722222222222222,13.25,9.0,942.6,4.28,5.56,0.386,8.496,2.798,3.45
2022-07-24,24.5,21.9,22.8,92,5.75,7.81,9.7,941.9,4.3,3.28,0.228,5.673,1.787,2.33
2022-07-25,24.9,22.0,23.0,90,4.805555555555555,8.94,2.1,943.4,3.59,3.75,0.29,6.258,2.045,2.73
2022-07-26,27.6,21.9,23.7,87,4.444444444444445,15.71,7.1,945.0,3.32,6.6,0.411,10.286,3.225,4.55
2022-07-27,27.1,22.0,23.5,90,3.7222222222222223,11.43,17.3,944.8,2.78,4.8,0.312,7.754,2.417,3.27
2022-07-28,28.7,21.5,24.4,87,2.055555555555556,18.22,2.7,945.6,1.54,7.65,0.423,12.702,3.845,5.09
2022-07-29,29.4,21.6,24.7,87,2.7777777777777777,17.56,8.0,945.3,2.08,7.38,0.434,12.197,3.74,5.11
2022-07-30,28.4,22.3,24.5,88,2.861111111111111,16.21,5.6,944.4,2.14,6.81,0.394,10.935,3.353,4.14
2022-07-31,28.6,20.9,24.3,86,4.111111111111112,20.6,2.0,942.9,3.08,8.65,0.447,14.777,4.377,5.87
2022-08-01,28.0,21.4,24.4,85,4.75,20.74,2.3,943.0,3.55,8.71,0.475,14.817,4.436,6.03
2022-08-02,28.4,22.3,24.7,83,4.277777777777778,19.29,0.6,942.2,3.2,8.1,0.558,13.502,4.3,5.51
2022-08-03,28.9,22.4,24.5,87,3.3611111111111107,18.75,5.2,941.3,2.51,7.88,0.435,13.294,4.015,5.52
2022-08-04,28.5,22.4,24.3,89,3.9722222222222223,15.12,25.0,940.4,2.97,6.35,0.363,10.007,3.078,4.15
2022-08-05,26.4,22.4,23.7,91,3.6666666666666665,11.07,23.9,939.0,2.74,4.65,0.277,7.556,2.314,3.02
2022-08-06,26.5,22.2,23.9,89,5.916666666666667,14.8,4.7,938.0,4.43,6.22,0.338,9.518,2.914,3.98
2022-08-07,26.3,22.6,23.9,89,5.138888888888888,12.98,17.2,937.5,3.84,5.45,0.339,8.538,2.692,3.93
2022-08-08,25.1,22.5,23.4,91,6.0,9.0,15.8,936.3,4.49,3.78,0.266,6.344,2.04,2.75
2022-08-09,24.7,22.6,23.3,90,6.888888888888889,7.86,18.0,935.6,5.15,3.3,0.293,5.697,1.996,2.7
2022-08-10,25.4,22.3,23.3,89,7.833333333333333,14.88,16.4,935.2,5.86,6.25,0.327,9.445,2.862,3.75
2022-08-11,24.9,22.5,23.2,90,8.305555555555555,14.76,17.9,936.6,6.21,6.2,0.294,9.392,2.745,3.53
2022-08-12,25.2,22.2,23.3,89,8.75,16.29,11.7,939.4,6.54,6.84,0.324,10.664,3.082,4.23
2022-08-13,25.7,22.1,23.4,88,7.5,19.65,9.1,941.4,5.61,8.25,0.358,13.753,3.812,4.95
2022-08-14,26.2,22.1,23.4,88,7.25,17.03,4.8,942.8,5.42,7.15,0.364,11.4,3.361,4.49
2022-08-15,25.7,22.0,23.0,90,6.805555555555555,12.53,6.0,942.9,5.09,5.26,0.297,8.233,2.519,3.29
2022-08-16,24.4,21.9,22.7,91,7.777777777777778,10.23,10.1,942.4,5.82,4.3,0.256,6.934,2.139,2.92
2022-08-17,25.5,21.8,23.2,89,6.694444444444445,17.93,6.5,943.7,5.01,7.53,0.323,12.171,3.402,4.59
2022-08-18,26.0,22.0,23.4,87,7.194444444444444,18.79,3.4,944.1,5.38,7.89,0.39,12.938,3.749,5.15
2022-08-19,25.9,21.5,23.4,87,6.805555555555555,16.69,2.3,944.3,5.09,7.01,0.384,10.952,3.327,4.36
2022-08-20,26.4,22.1,23.6,87,6.805555555555555,17.68,1.6,944.0,5.09,7.43,0.397,11.971,3.579,4.73
2022-08-21,26.1,21.9,23.5,86,6.499999999999999,18.21,2.4,942.9,4.86,7.65,0.421,12.357,3.723,4.82
2022-08-22,25.7,22.2,23.5,87,7.611111111111111,17.72,3.5,941.7,5.69,7.44,0.389,11.937,3.545,4.66
2022-08-23,26.0,22.2,23.5,87,6.944444444444445,16.8,2.3,942.1,5.19,7.06,0.392,11.125,3.392,4.58
2022-08-24,26.1,21.9,23.4,86,6.416666666666667,17.86,2.5,944.5,4.8,7.5,0.421,12.035,3.651,4.98
2022-08-25,27.0,21.5,23.5,87,4.416666666666667,18.19,2.1,944.3,3.3,7.64,0.398,12.46,3.697,4.79
2022-08-26,27.6,21.4,23.8,84,4.611111111111112,20.29,1.0,944.2,3.45,8.52,0.499,14.302,4.343,5.92
2022-08-27,27.8,20.7,23.7,83,4.777777777777778,20.58,1.2,944.4,3.57,8.64,0.525,14.486,4.437,6.12
2022-08-28,28.2,20.3,23.6,84,3.8055555555555554,20.46,1.0,944.1,2.85,8.59,0.496,14.447,4.359,5.87
2022-08-29,29.0,20.5,23.9,83,3.8333333333333335,22.79,0.5,945.2,2.87,9.57,0.545,16.654,4.99,6.93
2022-08-30,30.0,21.1,24.5,85,2.833333333333333,20.28,4.7,945.3,2.12,8.52,0.506,14.633,4.457,5.83
2022-08-31,29.7,21.8,24.8,88,2.9166666666666665,19.13,27.5,944.2,2.18,8.03,0.407,13.754,4.108,5.29
2022-09-01,28.5,21.5,24.2,90,2.0277777777777777,15.93,11.0,944.0,1.52,6.69,0.323,10.724,3.205,4.01
2022-09-02,29.9,20.7,24.6,86,3.222222222222222,20.72,2.4,944.5,2.41,8.7,0.466,15.047,4.507,6.23
2022-09-03,30.2,21.3,25.2,85,3.0,22.12,2.6,944.8,2.24,9.29,0.512,16.37,4.947,6.69
2022-09-04,27.9,22.7,24.4,89,3.194444444444444,11.99,10.0,944.8,2.39,5.04,0.358,8.148,2.597,3.45
2022-09-05,25.7,22.5,23.7,91,2.694444444444444,8.85,2.3,944.6,2.02,3.72,0.271,6.293,1.974,2.67
2022-09-06,27.8,21.5,23.7,90,3.3055555555555554,14.34,11.0,944.1,2.47,6.02,0.315,9.408,2.827,3.6
2022-09-07,28.0,21.1,24.0,90,2.972222222222222,15.77,9.4,943.8,2.22,6.62,0.314,10.476,3.105,4.51
2022-09-08,27.6,21.7,24.0,91,2.3333333333333335,10.45,20.7,942.8,1.75,4.39,0.283,7.263,2.239,3.0
2022-09-09,28.3,22.1,24.2,89,3.0277777777777777,15.5,29.1,941.9,2.26,6.51,0.358,10.303,3.133,4.19
2022-09-10,27.3,21.3,23.9,92,2.75,13.37,21.9,941.8,2.06,5.62,0.246,8.882,2.607,3.58
2022-09-11,28.8,21.8,24.2,89,3.0277777777777777,13.86,11.6,939.6,2.26,5.82,0.361,9.236,2.87,3.9
2022-09-12,26.5,22.1,23.9,91,4.555555555555555,12.0,11.9,938.4,3.41,5.04,0.275,8.059,2.44,3.29
2022-09-13,25.0,22.6,23.5,91,6.388888888888888,9.7,9.3,940.4,4.78,4.07,0.266,6.722,2.126,2.72
2022-09-14,25.8,22.4,23.5,89,6.888888888888889,16.23,4.5,943.3,5.15,6.82,0.332,10.695,3.131,4.25
2022-09-15,25.8,22.1,23.4,88,8.0,17.48,6.7,944.4,5.98,7.34,0.359,11.768,3.413,4.83
2022-09-16,25.1,21.9,23.1,90,7.166666666666667,11.89,4.1,943.3,5.36,4.99,0.291,7.833,2.424,3.43
2022-09-17,26.7,21.5,23.3,88,5.833333333333333,19.44,2.9,943.7,4.36,8.16,0.364,13.624,3.843,5.36
2022-09-18,26.4,21.3,23.0,88,4.972222222222221,16.74,5.3,945.3,3.72,7.03,0.358,11.087,3.278,4.29
2022-09-19,25.0,21.0,22.6,87,5.111111111111111,13.68,1.3,945.5,3.82,5.75,0.368,8.582,2.738,3.5
2022-09-20,24.0,21.1,22.3,88,3.7777777777777777,6.26,1.7,945.2,2.83,2.63,0.329,4.779,1.734,2.29
2022-09-21,26.0,20.5,22.5,87,4.222222222222222,15.12,3.0,945.1,3.16,6.35,0.375,9.437,2.921,3.9
2022-09-22,24.5,20.4,22.1,87,5.055555555555555,11.36,0.4,945.5,3.78,4.77,0.356,7.328,2.428,3.4
2022-09-23,26.0,20.4,22.6,85,5.083333333333333,17.84,1.3,945.7,3.8,7.49,0.432,11.834,3.599,4.54
2022-09-24,25.7,21.0,22.8,88,4.555555555555555,15.4,3.8,945.2,3.41,6.47,0.347,9.749,2.946,4.16
2022-09-25,26.8,21.0,23.3,86,3.555555555555556,17.42,1.3,944.9,2.66,7.32,0.421,11.636,3.535,4.69
2022-09-26,28.1,20.3,23.0,87,3.3055555555555554,14.7,2.8,946.4,2.47,6.17,0.402,9.403,2.947,3.87
2022-09-27,27.0,19.5,22.9,87,3.3611111111111107,17.23,1.0,945.3,2.51,7.24,0.379,11.419,3.395,4.37
2022-09-28,27.3,19.5,22.9,88,3.6666666666666665,18.22,1.5,944.4,2.74,7.65,0.354,12.415,3.587,4.53
2022-09-29,27.5,20.7,23.1,91,3.0277777777777777,13.69,8.1,944.3,2.26,5.75,0.275,8.995,2.645,3.65
2022-09-30,29.3,20.3,23.6,89,4.25,19.31,3.3,944.8,3.18,8.11,0.355,13.792,3.927,5.25
2022-10-01,28.5,20.8,23.5,89,3.611111111111111,17.76,2.9,945.4,2.7,7.46,0.349,12.297,3.576,4.57
2022-10-02,27.8,20.7,23.3,87,3.4722222222222223,18.33,1.4,945.6,2.6,7.7,0.402,12.621,3.739,4.79
2022-10-03,27.9,19.8,23.3,84,3.194444444444444,20.89,0.2,945.8,2.39,8.77,0.485,14.768,4.402,5.82
2022-10-04,28.7,19.6,23.4,85,3.138888888888889,20.04,0.5,945.8,2.35,8.42,0.466,14.124,4.218,5.87
2022-10-05,28.6,19.6,23.4,84,3.611111111111111,19.57,0.1,944.8,2.7,8.22,0.496,13.627,4.15,5.49
2022-10-06,28.1,20.7,23.6,85,4.666666666666667,17.91,9.5,943.3,3.49,7.52,0.468,12.17,3.782,4.82
2022-10-07,26.3,21.5,23.0,89,5.027777777777778,12.62,8.3,942.3,3.76,5.3,0.329,8.264,2.586,3.41
2022-10-08,26.1,21.5,23.2,87,5.388888888888888,16.4,2.7,944.6,4.03,6.89,0.386,10.707,3.267,4.32
2022-10-09,29.7,20.4,24.0,83,3.9722222222222223,20.8,0.0,945.9,2.97,8.74,0.558,14.908,4.6,5.73
2022-10-10,28.0,20.2,23.4,90,2.5,12.96,5.0,946.9,1.87,5.44,0.307,8.571,2.592,3.45
2022-10-11,28.4,20.9,23.5,91,2.611111111111111,16.54,11.7,946.0,1.95,6.95,0.285,11.271,3.255,4.31
2022-10-12,27.1,21.4,23.1,92,2.111111111111111,10.44,38.0,946.4,1.58,4.38,0.245,7.233,2.161,2.99
2022-10-13,27.8,20.6,23.2,89,3.611111111111111,16.41,14.7,946.7,2.7,6.89,0.339,10.947,3.221,4.57
2022-10-14,28.0,21.3,23.3,89,4.416666666666667,15.28,13.2,946.6,3.3,6.42,0.347,9.992,3.014,4.19
2022-10-15,27.7,20.4,23.7,83,4.333333333333333,19.25,0.1,945.8,3.24,8.08,0.519,13.228,4.125,5.46
2022-10-16,27.6,20.5,23.5,82,4.472222222222222,18.9,13.6,947.1,3.35,7.94,0.549,12.85,4.096,5.3
2022-10-17,28.5,21.3,23.6,88,4.111111111111112,13.95,7.7,948.2,3.08,5.86,0.385,9.165,2.9,4.25
2022-10-18,27.6,20.6,23.2,90,2.7777777777777777,12.0,5.8,948.0,2.08,5.04,0.306,8.028,2.45,3.28
2022-10-19,27.1,21.0,23.3,90,2.833333333333333,13.04,8.7,947.5,2.12,5.48,0.304,8.574,2.587,3.45
2022-10-20,27.3,20.5,23.2,88,2.638888888888889,12.88,3.5,947.9,1.97,5.41,0.362,8.394,2.617,3.49
2022-10-21,27.1,20.6,23.1,89,3.5,13.03,1.8,949.5,2.62,5.47,0.331,8.501,2.615,3.52
2022-10-22,27.8,20.7,23.5,78,4.222222222222222,19.61,0.1,950.7,3.16,8.24,0.68,13.331,4.453,5.92
2022-10-23,26.9,17.0,21.6,66,4.027777777777778,22.16,0.0,949.9,3.01,9.31,0.932,14.737,5.217,6.87
2022-10-24,27.4,15.7,21.7,62,3.1111111111111107,22.22,0.0,947.7,2.33,9.33,1.032,14.574,5.178,6.82
2022-10-25,27.4,16.7,22.6,57,1.9444444444444444,22.22,0.0,947.8,1.45,9.33,1.193,14.327,5.008,6.67
2022-10-26,27.1,17.9,22.3,62,3.0555555555555554,22.1,0.0,949.3,2.29,9.28,1.071,14.519,5.224,6.88
2022-10-27,26.9,17.6,22.0,62,3.6944444444444446,21.77,0.0,949.2,2.76,9.14,1.056,14.186,5.269,6.92
2022-10-28,26.5,15.9,21.0,60,4.305555555555555,21.96,0.0,948.4,3.22,9.22,1.054,14.155,5.396,7.21
2022-10-29,27.3,15.9,21.6,57,4.222222222222222,21.56,0.0,948.4,3.16,9.06,1.169,13.687,5.518,7.32
2022-10-30,27.2,15.8,21.6,55,4.611111111111112,21.72,0.0,948.7,3.45,9.12,1.216,13.709,5.734,7.87
2022-10-31,26.8,15.3,21.9,58,3.4444444444444446,21.23,0.0,948.4,2.58,8.92,1.105,13.381,5.109,6.41
2022-11-01,26.8,14.7,20.7,63,3.5,21.38,0.0,948.8,2.62,8.98,0.961,13.768,4.938,6.75
2022-11-02,28.2,16.0,21.8,70,3.6666666666666665,20.15,0.0,948.4,2.74,8.46,0.846,13.186,4.637,6.37
2022-11-03,28.4,16.3,22.4,61,4.583333333333333,21.03,0.0,948.4,3.43,8.83,1.116,13.536,5.459,6.97
2022-11-04,28.7,16.7,22.4,60,3.6944444444444446,20.78,0.0,949.1,2.76,8.73,1.168,13.291,5.27,6.98
2022-11-05,28.9,16.1,22.1,60,3.3611111111111107,20.84,0.0,950.2,2.51,8.75,1.163,13.344,5.175,6.84
2022-11-06,29.2,16.8,22.8,56,2.972222222222222,20.71,0.0,950.6,2.22,8.7,1.312,13.038,5.213,6.74
2022-11-07,29.2,18.2,23.6,51,2.5555555555555554,20.11,0.0,950.2,1.91,8.45,1.505,12.214,5.097,6.68
2022-11-08,29.4,18.8,23.9,53,2.75,19.22,0.0,949.8,2.06,8.07,1.473,11.563,4.978,6.47
2022-11-09,29.0,18.5,23.3,52,3.6944444444444446,19.21,0.0,949.6,2.76,8.07,1.473,11.444,5.374,7.43
2022-11-10,28.2,15.4,22.1,52,5.249999999999999,20.46,0.0,949.8,3.93,8.59,1.338,12.442,5.928,8.04
2022-11-11,28.5,16.4,22.3,55,5.694444444444445,20.38,0.0,949.8,4.26,8.56,1.295,12.6,5.98,8.16
2022-11-12,28.5,17.6,22.5,60,5.055555555555555,20.24,0.0,949.9,3.78,8.5,1.181,12.808,5.563,7.53
2022-11-13,28.8,16.9,22.4,62,3.6944444444444446,20.18,0.0,948.9,2.76,8.48,1.118,12.871,5.081,6.61
2022-11-14,30.0,18.1,23.5,64,2.2222222222222223,19.06,0.0,949.3,1.66,8.01,1.138,12.132,4.485,5.9
2022-11-15,29.3,17.9,23.3,66,2.7222222222222223,19.24,0.0,949.5,2.04,8.08,1.042,12.33,4.564,6.16
2022-11-16,28.2,15.7,22.7,62,2.4166666666666665,19.86,0.0,948.8,1.81,8.34,1.066,12.476,4.539,5.87
2022-11-17,27.8,15.4,21.7,56,3.888888888888889,20.01,0.0,948.6,2.91,8.4,1.207,12.231,5.167,7.0
2022-11-18,27.2,14.8,20.7,52,3.6944444444444446,19.9,0.0,948.6,2.76,8.36,1.27,11.837,5.148,6.83
2022-11-19,26.4,13.2,19.8,58,3.3055555555555554,19.83,0.0,948.5,2.47,8.33,1.041,12.009,4.63,6.12
2022-11-20,25.9,13.3,19.4,54,3.194444444444444,20.0,0.0,947.3,2.39,8.4,1.12,11.918,4.72,6.4
2022-11-21,26.3,12.0,19.3,54,2.5833333333333335,19.91,0.0,947.0,1.93,8.36,1.11,11.843,4.468,6.02
2022-11-22,28.4,14.8,21.7,57,2.4722222222222223,18.34,0.0,947.5,1.85,7.7,1.194,10.788,4.299,5.68
2022-11-23,29.3,16.3,23.0,61,3.0277777777777777,18.31,0.0,948.0,2.26,7.69,1.156,11.121,4.52,6.2
2022-11-24,30.3,16.5,23.3,63,3.194444444444444,17.94,0.0,947.8,2.39,7.53,1.146,11.009,4.531,5.88
2022-11-25,29.3,17.8,24.1,65,2.1666666666666665,16.19,0.4,948.4,1.62,6.8,1.07,9.462,3.693,5.02
2022-11-26,29.5,19.3,24.4,71,2.138888888888889,14.88,0.4,947.8,1.6,6.25,0.922,8.753,3.336,4.54
2022-11-27,29.1,19.8,24.2,74,2.138888888888889,14.49,0.0,945.8,1.6,6.09,0.824,8.715,3.217,4.24
2022-11-28,29.5,18.7,23.5,69,3.0,15.71,0.0,946.2,2.24,6.6,0.973,9.316,3.784,5.09
2022-11-29,30.1,16.1,23.7,60,2.4444444444444446,18.39,0.0,947.2,1.83,7.72,1.219,11.21,4.427,5.71
2022-11-30,29.2,17.1,22.9,56,2.9166666666666665,18.64,0.0,948.2,2.18,7.83,1.32,11.143,4.736,6.45
2022-12-01,28.4,16.1,22.1,47,2.694444444444444,18.94,0.0,947.9,2.02,7.95,1.51,10.762,4.836,6.42
2022-12-02,29.4,17.6,23.0,54,2.3333333333333335,18.37,0.0,947.3,1.75,7.72,1.406,10.804,4.513,5.94
2022-12-03,30.3,19.2,24.1,61,1.6388888888888888,16.95,1.2,947.6,1.23,7.12,1.276,10.089,3.863,5.31
2022-12-04,29.5,19.0,24.5,71,2.361111111111111,16.07,1.3,948.5,1.77,6.75,0.916,9.777,3.661,4.78
2022-12-05,29.0,19.4,24.4,71,2.5,15.96,0.1,949.3,1.87,6.7,0.907,9.641,3.647,4.65
2022-12-06,29.7,18.5,24.1,64,2.8055555555555554,17.89,0.0,948.9,2.1,7.51,1.134,11.041,4.394,5.63
2022-12-07,29.2,16.5,23.6,61,2.694444444444444,18.28,0.0,948.3,2.02,7.68,1.156,11.09,4.403,5.96
2022-12-08,28.1,16.0,21.6,67,2.7222222222222223,18.11,0.0,947.8,2.04,7.61,0.927,11.14,4.088,5.26
2022-12-09,27.3,13.2,19.9,51,4.0,19.06,0.0,946.1,2.99,8.01,1.261,10.985,5.073,7.03
2022-12-10,27.7,12.4,20.3,51,3.194444444444444,18.63,0.0,945.7,2.39,7.82,1.263,10.608,4.669,5.91
2022-12-11,28.6,15.3,22.1,67,2.972222222222222,15.53,0.1,946.5,2.22,6.52,0.933,8.791,3.592,5.04
2022-12-12,27.9,19.0,23.0,79,4.5,13.91,0.2,946.5,3.37,5.84,0.625,8.504,3.255,4.37
2022-12-13,27.6,19.8,23.3,79,5.5,11.65,0.0,947.2,4.11,4.89,0.63,7.405,3.143,4.18
2022-12-14,29.0,20.4,24.2,73,4.555555555555555,13.89,0.0,948.2,3.41,5.83,0.864,8.397,3.73,4.89
2022-12-15,28.7,19.4,23.7,72,3.555555555555556,13.3,1.1,948.0,2.66,5.59,0.867,7.984,3.425,4.63
2022-12-16,30.8,19.1,24.3,67,2.2222222222222223,17.24,0.0,947.7,1.66,7.24,1.098,10.777,4.091,5.45
2022-12-17,29.6,18.2,24.2,66,3.1111111111111107,16.64,0.0,948.6,2.33,6.99,1.06,9.984,4.112,5.65
2022-12-18,29.8,19.1,23.9,64,2.944444444444444,17.07,0.0,948.2,2.2,7.17,1.153,10.326,4.284,5.73
2022-12-19,29.0,16.7,22.3,60,2.4166666666666665,17.72,0.0,947.1,1.81,7.44,1.181,10.504,4.189,5.61
2022-12-20,29.7,14.6,22.2,52,3.1111111111111107,18.09,0.0,946.4,2.33,7.6,1.4,10.369,4.77,6.31
2022-12-21,30.0,16.4,22.8,51,2.305555555555556,18.05,0.0,947.1,1.72,7.58,1.497,10.335,4.487,5.97
2022-12-22,30.1,18.4,23.1,55,2.4166666666666665,17.95,0.0,946.9,1.81,7.54,1.436,10.573,4.53,6.09
2022-12-23,30.1,17.2,23.2,56,2.75,17.96,0.0,946.9,2.06,7.54,1.371,10.605,4.603,5.88
2022-12-24,30.1,17.0,22.1,54,2.611111111111111,18.15,0.0,947.1,1.95,7.62,1.427,10.646,4.642,5.99
2022-12-25,29.3,15.0,21.6,51,3.333333333333333,18.23,0.0,947.4,2.49,7.66,1.416,10.41,4.921,6.67
2022-12-26,29.4,14.7,22.1,60,3.416666666666667,17.93,0.0,948.8,2.56,7.53,1.154,10.673,4.55,6.09
2022-12-27,29.8,17.0,23.6,61,2.2777777777777777,17.18,0.0,950.3,1.7,7.22,1.196,10.157,4.059,5.38
2022-12-28,30.4,17.6,23.8,57,2.4166666666666665,17.81,0.0,951.3,1.81,7.48,1.366,10.573,4.434,5.91
2022-12-29,29.9,18.6,23.6,54,2.4444444444444446,17.85,0.0,952.4,1.83,7.5,1.463,10.405,4.527,6.09
2022-12-30,29.8,18.4,23.6,51,2.5277777777777777,18.1,0.0,953.2,1.89,7.6,1.546,10.421,4.679,6.16
2022-12-31,30.0,18.0,23.2,54,2.7777777777777777,17.94,0.0,952.3,2.08,7.53,1.451,10.476,4.698,6.15
2023-01-01,29.7,15.3,22.3,56,2.138888888888889,18.21,0.0,951.4,1.6,7.65,1.3,10.74,4.279,5.73
2023-01-02,29.7,16.5,22.8,50,2.4166666666666665,18.16,0.0,951.4,1.81,7.63,1.512,10.348,4.575,5.95
2023-01-03,29.3,17.9,22.8,54,2.694444444444444,17.86,0.0,951.2,2.02,7.5,1.409,10.336,4.573,6.16
2023-01-04,29.0,15.0,21.9,66,2.5555555555555554,16.83,0.0,949.9,1.91,7.07,0.971,9.965,3.816,4.83
2023-01-05,28.8,15.9,22.2,66,3.138888888888889,15.81,0.0,950.9,2.35,6.64,0.98,9.038,3.776,5.19
2023-01-06,28.6,16.4,22.3,64,4.305555555555555,16.22,0.0,952.4,3.22,6.81,1.04,9.303,4.278,5.77
2023-01-07,27.7,17.7,22.1,69,4.222222222222222,15.78,0.0,952.4,3.16,6.63,0.89,9.137,3.909,5.25
2023-01-08,27.2,15.3,21.1,60,2.611111111111111,18.23,0.0,951.3,1.95,7.66,1.069,10.764,4.166,5.7
2023-01-09,27.5,14.6,20.4,43,2.5277777777777777,18.99,0.0,951.9,1.89,7.98,1.52,10.468,4.722,6.55
2023-01-10,28.5,12.2,20.1,40,2.638888888888889,19.24,0.0,951.2,1.97,8.08,1.594,10.547,4.922,6.71
2023-01-11,29.6,16.8,22.0,40,3.0,19.13,0.0,949.6,2.24,8.03,1.818,10.55,5.427,6.96
2023-01-12,29.4,15.3,21.4,43,3.0555555555555554,19.39,0.0,948.3,2.29,8.14,1.664,10.967,5.342,6.93
2023-01-13,28.4,14.0,19.8,64,3.0555555555555554,19.06,0.0,948.5,2.29,8.01,0.984,11.816,4.414,5.79
2023-01-14,29.4,13.5,20.1,66,3.6666666666666665,18.68,0.0,948.4,2.74,7.85,0.96,11.662,4.495,6.0
2023-01-15,30.1,13.8,20.8,59,3.2777777777777777,19.27,0.0,947.3,2.45,8.09,1.198,11.895,4.876,6.58
2023-01-16,29.8,14.4,20.9,56,3.9166666666666665,19.65,0.0,947.3,2.93,8.25,1.284,12.052,5.304,6.96
2023-01-17,30.2,16.5,21.6,55,2.694444444444444,19.39,0.0,948.2,2.02,8.14,1.388,11.845,4.932,6.6
2023-01-18,30.0,16.0,22.4,49,2.4722222222222223,19.46,0.0,949.4,1.85,8.17,1.546,11.492,4.942,6.48
2023-01-19,30.4,17.0,23.2,44,3.1111111111111107,19.38,0.0,949.5,2.33,8.14,1.758,11.128,5.496,7.24
2023-01-20,29.9,15.4,22.0,51,2.888888888888889,19.27,0.0,948.9,2.16,8.09,1.462,11.426,5.023,6.49
2023-01-21,29.3,15.4,21.9,52,2.5555555555555554,19.35,0.0,949.0,1.91,8.13,1.398,11.511,4.793,6.25
2023-01-22,29.2,15.2,21.7,50,3.194444444444444,19.4,0.0,948.1,2.39,8.15,1.445,11.419,5.145,6.66
2023-01-23,29.2,15.5,21.5,54,3.2777777777777777,19.58,0.0,947.4,2.45,8.22,1.337,11.839,5.098,6.65
2023-01-24,29.4,15.4,21.2,63,4.25,18.97,0.0,947.3,3.18,7.97,1.082,11.822,4.931,6.73
2023-01-25,29.4,15.1,21.5,63,2.7222222222222223,18.33,0.1,947.5,2.04,7.7,1.076,11.224,4.329,5.63
2023-01-26,29.1,16.7,22.9,60,3.194444444444444,17.61,0.5,948.1,2.39,7.4,1.186,10.413,4.453,6.33
2023-01-27,31.2,17.5,23.4,56,3.194444444444444,19.31,0.0,948.3,2.39,8.11,1.44,11.966,5.232,7.05
2023-01-28,30.5,16.5,22.9,46,4.111111111111112,20.32,0.0,947.2,3.08,8.53,1.686,12.132,6.146,8.22
2023-01-29,30.1,15.0,22.0,66,4.888888888888889,18.9,0.0,945.8,3.66,7.94,1.015,11.989,4.966,6.49
2023-01-30,29.6,17.9,22.4,69,2.611111111111111,19.13,0.0,948.4,1.95,8.03,0.961,12.433,4.434,6.02
2023-01-31,29.7,16.9,22.5,62,3.75,18.35,0.0,948.8,2.8,7.71,1.158,11.279,4.797,6.31
2023-02-01,28.6,17.8,22.6,60,4.111111111111112,18.01,0.1,949.1,3.08,7.56,1.19,10.774,4.858,6.5
2023-02-02,29.7,16.4,22.6,57,4.0,20.1,0.0,949.1,2.99,8.44,1.298,12.572,5.445,7.64
2023-02-03,29.7,14.7,22.6,44,3.0555555555555554,20.85,0.0,949.4,2.29,8.76,1.636,12.392,5.603,7.46
2023-02-04,30.9,14.1,23.3,41,2.611111111111111,21.13,0.0,948.2,1.95,8.87,1.792,12.522,5.591,7.63
2023-02-05,31.4,17.4,24.1,38,2.5,21.19,0.0,947.6,1.87,8.9,2.041,12.421,5.796,7.62
2023-02-06,31.7,17.7,23.9,40,3.6666666666666665,21.26,0.0,947.7,2.74,8.93,2.01,12.669,6.579,8.77
2023-02-07,31.6,18.0,24.4,40,2.4166666666666665,21.33,0.0,947.5,1.81,8.96,2.014,12.731,5.779,7.97
2023-02-08,32.5,18.1,24.8,38,2.7222222222222223,21.42,0.0,948.2,2.04,9.0,2.16,12.721,6.163,8.12
2023-02-09,33.5,17.1,25.3,35,2.833333333333333,21.87,0.0,948.8,2.12,9.19,2.315,12.941,6.482,8.91
2023-02-10,33.2,19.8,26.1,30,2.111111111111111,21.8,0.0,950.0,1.58,9.16,2.589,12.421,6.029,8.14
2023-02-11,33.1,21.4,26.4,27,3.3888888888888884,21.91,0.0,950.4,2.53,9.2,2.777,12.228,7.324,9.68
2023-02-12,33.8,17.3,25.1,31,3.333333333333333,22.17,0.0,950.7,2.49,9.31,2.496,12.877,7.124,9.59
2023-02-13,32.4,16.0,24.2,32,4.027777777777778,22.45,0.0,950.9,3.01,9.43,2.272,13.135,7.378,9.98
2023-02-14,32.6,14.6,23.7,30,2.75,22.76,0.0,950.4,2.06,9.56,2.303,13.257,6.566,8.85
2023-02-15,33.3,18.5,25.1,22,3.75,22.88,0.0,949.0,2.8,9.61,2.826,12.586,7.931,10.34
2023-02-16,34.0,15.8,25.0,26,4.694444444444444,22.91,0.0,949.4,3.51,9.62,2.632,13.086,8.464,11.18
2023-02-17,34.1,16.5,24.9,28,4.25,22.89,0.0,949.6,3.18,9.61,2.601,13.269,8.13,10.8
2023-02-18,33.4,16.6,24.7,27,3.8055555555555554,23.28,0.0,949.4,2.85,9.78,2.567,13.491,7.801,10.39
2023-02-19,33.4,18.3,25.5,26,4.027777777777778,23.22,0.0,949.5,3.01,9.75,2.682,13.332,8.058,10.84
2023-02-20,34.5,19.2,26.3,31,2.9166666666666665,22.92,0.0,949.4,2.18,9.63,2.654,13.625,7.123,9.52
2023-02-21,34.3,19.7,26.3,31,3.194444444444444,23.1,0.0,949.6,2.39,9.7,2.658,13.783,7.402,9.67
2023-02-22,34.4,19.7,26.7,29,3.0,22.89,0.0,949.3,2.24,9.61,2.746,13.395,7.225,9.69
2023-02-23,34.9,19.8,26.8,29,3.3888888888888884,23.31,0.0,948.7,2.53,9.79,2.805,13.813,7.74,10.41
2023-02-24,34.5,20.9,26.7,25,3.5,23.52,0.0,949.7,2.62,9.88,2.978,13.559,8.049,10.82
2023-02-25,34.2,19.8,27.4,23,2.7777777777777777,23.34,0.0,951.3,2.08,9.8,2.96,13.152,7.193,9.75
2023-02-26,34.5,18.8,27.0,24,3.0277777777777777,23.47,0.0,951.8,2.26,9.86,2.903,13.4,7.441,10.05
2023-02-27,34.1,19.6,26.7,27,5.805555555555555,23.5,0.0,951.5,4.34,9.87,2.785,13.731,9.516,12.76
2023-02-28,33.6,20.3,26.8,23,3.1111111111111107,22.94,0.0,951.3,2.33,9.63,2.92,12.758,7.396,9.85
2023-03-01,34.7,19.4,26.5,25,2.833333333333333,22.95,0.0,951.7,2.12,9.64,2.919,13.041,7.23,9.39
2023-03-02,34.7,21.4,27.2,28,4.055555555555555,23.45,0.0,952.3,3.03,9.85,2.908,13.838,8.433,11.31
2023-03-03,35.5,19.3,27.6,29,4.777777777777778,22.99,0.0,952.8,3.57,9.66,2.847,13.554,8.767,11.72
2023-03-04,34.8,22.9,28.6,28,2.7222222222222223,20.7,0.0,952.7,2.04,8.69,3.007,11.333,6.61,8.85
2023-03-05,35.3,22.3,28.4,29,3.3611111111111107,20.83,0.2,952.3,2.51,8.75,2.985,11.585,7.248,9.47
2023-03-06,33.9,19.4,25.5,44,4.166666666666667,19.41,2.3,951.2,3.12,8.15,2.112,11.51,6.685,8.75
2023-03-07,30.5,17.4,23.0,53,4.166666666666667,19.19,0.9,951.5,3.12,8.06,1.493,11.588,5.659,7.7
2023-03-08,32.3,18.4,25.1,41,2.4722222222222223,21.75,0.0,950.5,1.85,9.14,2.051,13.258,5.98,7.97
2023-03-09,32.5,20.0,26.0,35,3.6944444444444446,19.11,0.0,950.2,2.76,8.03,2.349,10.37,6.457,8.71
2023-03-10,33.4,18.8,26.1,35,3.555555555555556,22.18,0.0,949.4,2.66,9.32,2.377,13.239,7.126,9.51
2023-03-11,33.9,19.0,26.2,34,3.888888888888889,22.04,0.0,949.2,2.91,9.26,2.471,13.058,7.461,9.95
2023-03-12,34.7,21.2,27.6,34,3.861111111111111,21.9,0.0,948.8,2.89,9.2,2.656,13.023,7.618,10.3
2023-03-13,34.2,22.0,27.7,37,3.5,17.81,0.0,948.0,2.62,7.48,2.527,9.525,6.226,8.22
2023-03-14,34.6,20.5,27.0,39,3.638888888888889,19.9,0.0,946.6,2.72,8.36,2.413,11.626,6.756,9.02
2023-03-15,32.5,20.4,26.8,42,4.5,15.1,0.0,945.6,3.37,6.34,2.113,7.286,5.731,7.57
2023-03-16,31.0,18.8,23.6,66,3.083333333333333,19.56,1.0,947.1,2.31,8.22,1.133,12.859,4.934,6.51
2023-03-17,30.5,18.6,23.7,64,5.111111111111111,19.92,0.0,946.8,3.82,8.37,1.172,13.001,5.576,7.39
2023-03-18,30.1,17.8,24.1,61,4.055555555555555,22.31,0.0,945.8,3.03,9.37,1.23,14.939,5.873,7.86
2023-03-19,30.5,16.6,22.9,60,5.694444444444445,24.07,0.0,945.2,4.26,10.11,1.251,16.494,6.678,8.83
2023-03-20,29.6,17.3,22.6,61,4.138888888888889,24.98,0.0,945.0,3.1,10.49,1.194,17.324,6.377,8.69
2023-03-21,29.4,16.5,22.5,62,4.5,21.98,0.1,945.5,3.37,9.23,1.136,14.572,5.715,7.49
2023-03-22,29.6,16.6,22.8,63,4.416666666666667,22.64,0.0,946.5,3.3,9.51,1.117,15.262,5.809,7.72
2023-03-23,31.0,16.8,23.3,63,4.638888888888888,23.66,0.0,946.6,3.47,9.94,1.185,16.36,6.257,8.28
2023-03-24,32.8,17.2,24.3,56,4.638888888888888,24.54,0.0,946.7,3.47,10.31,1.526,16.939,7.102,9.69
2023-03-25,33.3,15.7,23.6,53,4.388888888888889,25.83,0.0,947.3,3.28,10.85,1.621,17.933,7.451,9.96
2023-03-26,32.9,16.0,23.5,51,4.388888888888889,26.01,0.0,947.1,3.28,10.92,1.671,17.924,7.552,10.22
2023-03-27,33.0,15.7,23.8,58,3.8055555555555554,26.12,0.0,947.0,2.85,10.97,1.431,18.502,7.027,9.15
2023-03-28,33.7,17.3,24.6,55,3.944444444444444,25.95,0.0,946.4,2.95,10.9,1.621,18.273,7.361,9.85
2023-03-29,34.1,17.7,25.1,55,4.777777777777778,26.1,0.0,946.8,3.57,10.96,1.659,18.472,7.766,10.49
2023-03-30,31.9,16.4,23.8,61,4.527777777777778,25.43,0.0,946.1,3.39,10.68,1.286,17.954,6.812,9.1
2023-03-31,30.5,18.8,24.0,66,4.5,22.17,0.0,946.2,3.37,9.31,1.111,15.202,5.809,7.91
2023-04-01,32.9,18.5,24.5,55,4.0,26.73,0.0,946.7,2.99,11.23,1.605,18.942,7.512,9.94
2023-04-02,33.1,16.5,24.1,63,4.055555555555555,26.16,0.0,946.2,3.03,10.99,1.283,18.901,6.919,9.44
2023-04-03,33.9,16.5,24.5,65,3.5833333333333335,25.92,0.0,945.9,2.68,10.89,1.254,18.913,6.769,9.37
2023-04-04,35.7,19.1,26.6,59,4.5,23.57,0.0,946.8,3.37,9.9,1.651,16.693,7.2,9.55
2023-04-05,35.3,22.6,28.0,48,4.111111111111112,23.94,0.0,946.9,3.08,10.05,2.199,16.27,7.841,10.39
2023-04-06,35.8,21.4,28.6,37,3.75,21.34,0.0,947.1,2.8,8.96,2.654,12.893,7.404,10.09
2023-04-07,35.2,21.4,27.8,46,3.7777777777777777,19.41,3.7,948.6,2.83,8.15,2.223,11.872,6.565,8.99
2023-04-08,32.5,20.5,25.8,61,5.416666666666667,19.8,1.9,950.6,4.05,8.32,1.424,13.022,6.177,8.16
2023-04-09,35.2,21.5,26.6,60,3.4722222222222223,20.68,3.8,950.4,2.6,8.69,1.65,14.158,6.167,8.16
2023-04-10,35.2,22.6,28.5,49,3.2777777777777777,23.44,0.0,949.0,2.45,9.84,2.149,15.883,7.19,9.54
2023-04-11,36.6,22.3,29.2,46,5.249999999999999,23.54,0.0,949.1,3.93,9.89,2.385,15.862,8.589,11.25
2023-04-12,36.3,22.4,29.5,41,3.6666666666666665,22.83,0.0,948.6,2.74,9.59,2.581,14.722,7.664,10.08
2023-04-13,37.2,24.0,30.3,36,3.0277777777777777,21.11,0.0,948.4,2.26,8.87,2.985,12.782,7.114,9.33
2023-04-14,35.9,24.1,29.9,37,5.222222222222222,19.76,0.0,948.3,3.91,8.3,2.807,11.527,8.213,10.84
2023-04-15,36.3,23.0,27.8,49,7.055555555555555,22.39,5.0,947.9,5.28,9.4,2.256,15.065,9.1,12.13
2023-04-16,36.1,22.3,28.4,48,6.0,23.98,0.2,946.8,4.49,10.07,2.253,16.385,8.871,11.86
2023-04-17,36.1,23.2,28.9,42,3.0277777777777777,21.58,4.0,946.9,2.26,9.06,2.557,13.674,6.936,9.48
2023-04-18,36.8,23.8,30.0,39,4.305555555555555,21.27,1.0,947.7,3.22,8.93,2.792,13.192,7.973,10.48
2023-04-19,37.8,22.9,29.9,36,3.611111111111111,23.44,1.3,945.7,2.7,9.84,2.991,14.95,8.231,11.12
2023-04-20,35.3,21.9,28.9,41,5.722222222222222,23.16,0.0,943.9,4.28,9.73,2.462,14.91,8.773,11.67
2023-04-21,35.1,21.6,27.4,39,5.166666666666667,25.77,0.0,944.0,3.86,10.82,2.511,17.1,9.237,12.31
2023-04-22,33.7,19.0,25.7,47,5.194444444444444,25.72,0.0,944.1,3.89,10.8,1.969,17.524,8.339,11.22
2023-04-23,33.8,17.9,25.8,55,4.694444444444444,24.76,0.0,944.1,3.51,10.4,1.645,17.211,7.396,9.69
2023-04-24,36.2,19.8,27.6,49,5.916666666666667,24.61,0.0,944.9,4.43,10.34,2.121,16.963,8.736,11.71
2023-04-25,36.4,20.9,27.8,54,6.194444444444445,24.42,0.0,945.2,4.63,10.26,1.965,17.265,8.549,11.42
2023-04-26,33.3,20.5,26.7,64,4.638888888888888,22.15,0.0,945.6,3.47,9.3,1.355,15.487,6.382,8.58
2023-04-27,33.5,20.7,26.7,65,4.25,22.24,0.1,945.7,3.18,9.34,1.333,15.675,6.286,8.42
2023-04-28,32.9,21.9,26.8,64,4.916666666666666,21.95,0.8,946.5,3.68,9.22,1.373,15.333,6.452,8.97
2023-04-29,32.6,20.8,26.4,62,4.805555555555555,24.22,0.3,945.7,3.59,10.17,1.401,17.184,6.929,9.14
2023-04-30,33.6,20.6,26.2,58,5.916666666666667,25.51,0.0,944.2,4.43,10.71,1.602,18.203,7.906,10.46
2023-05-01,32.7,19.2,25.6,59,5.472222222222222,26.99,0.0,944.2,4.09,11.34,1.47,19.462,7.784,10.29
2023-05-02,31.6,19.8,25.4,64,3.611111111111111,22.58,0.5,944.9,2.7,9.48,1.252,15.634,5.97,7.88
2023-05-03,31.0,19.9,25.3,67,3.6944444444444446,21.57,0.1,946.3,2.76,9.06,1.125,14.827,5.576,7.34
2023-05-04,32.4,19.5,25.5,65,3.5277777777777777,23.57,0.0,945.6,2.64,9.9,1.248,16.691,6.209,8.46
2023-05-05,33.8,20.2,26.7,64,4.805555555555555,23.4,0.1,945.1,3.59,9.83,1.373,16.687,6.751,9.21
2023-05-06,33.7,20.8,26.6,69,4.555555555555555,23.39,0.4,945.2,3.41,9.82,1.192,17.034,6.433,8.49
2023-05-07,31.7,22.8,26.3,71,4.194444444444445,17.09,0.6,945.4,3.14,7.18,1.08,11.232,4.72,6.17
2023-05-08,32.3,22.8,26.1,79,5.388888888888888,16.11,13.8,945.0,4.03,6.77,0.799,10.917,4.298,5.8
2023-05-09,34.9,23.1,27.4,74,2.4722222222222223,18.98,0.9,945.4,1.85,7.97,1.094,13.655,4.972,6.55
2023-05-10,37.6,24.3,29.8,61,5.333333333333333,22.45,0.1,944.8,3.99,9.43,1.857,16.388,7.698,10.36
2023-05-11,40.5,23.3,31.1,48,4.833333333333333,26.24,0.0,945.1,3.62,11.02,2.713,19.087,9.638,12.88
2023-05-12,38.2,23.3,29.9,53,5.861111111111112,26.15,0.0,945.4,4.38,10.98,2.246,19.139,9.353,12.24
2023-05-13,35.3,23.6,28.9,58,5.666666666666666,25.03,0.1,946.2,4.24,10.51,1.812,18.144,8.194,11.16
2023-05-14,35.6,22.7,28.3,55,5.472222222222222,27.19,0.0,945.5,4.09,11.42,1.928,19.879,8.812,12.02
2023-05-15,34.9,21.8,27.7,67,5.027777777777778,25.68,0.0,946.2,3.76,10.79,1.354,19.241,7.387,9.76
2023-05-16,34.9,21.1,27.5,65,5.388888888888888,26.4,0.0,947.6,4.03,11.09,1.416,19.719,7.704,10.21
2023-05-17,36.1,20.9,28.4,60,4.722222222222222,26.36,0.0,947.5,3.53,11.07,1.689,19.476,8.002,10.71
2023-05-18,37.0,21.9,28.9,60,5.805555555555555,26.52,0.0,948.7,4.34,11.14,1.781,19.809,8.577,11.49
2023-05-19,37.7,21.5,29.6,56,5.305555555555556,26.42,0.0,947.3,3.97,11.1,1.998,19.476,8.748,11.76
2023-05-20,35.8,21.9,28.6,58,4.305555555555555,25.51,0.0,946.8,3.22,10.71,1.786,18.553,7.798,10.7
2023-05-21,36.0,21.0,27.9,64,4.916666666666666,24.24,0.0,947.3,3.68,10.18,1.517,17.815,7.327,9.74
2023-05-22,36.6,21.3,28.8,58,4.833333333333333,24.34,0.0,948.0,3.62,10.22,1.821,17.556,7.79,10.27
2023-05-23,38.2,22.8,29.8,50,6.694444444444445,24.4,0.0,947.8,5.01,10.25,2.368,17.235,9.522,12.49
2023-05-24,36.2,23.1,28.5,62,5.194444444444444,25.83,0.0,947.7,3.89,10.85,1.678,19.285,8.074,10.66
2023-05-25,34.3,23.1,27.6,67,5.527777777777778,25.34,0.0,948.2,4.13,10.64,1.359,18.929,7.42,9.89
2023-05-26,32.8,23.2,27.0,71,5.416666666666667,22.01,1.6,948.6,4.05,9.24,1.134,15.936,6.206,8.54
2023-05-27,33.8,21.9,27.0,67,4.722222222222222,24.46,0.0,947.6,3.53,10.27,1.302,17.968,6.906,9.13
2023-05-28,35.4,22.0,27.9,64,4.75,25.07,0.0,946.7,3.55,10.53,1.511,18.55,7.452,9.97
2023-05-29,37.5,21.7,28.8,66,4.694444444444444,24.51,0.0,946.3,3.51,10.29,1.537,18.49,7.466,9.95
2023-05-30,37.5,21.9,29.4,60,5.555555555555555,24.83,0.0,946.6,4.16,10.43,1.815,18.33,8.195,11.1
2023-05-31,38.2,22.8,29.9,61,5.027777777777778,24.52,0.0,946.0,3.76,10.3,1.847,18.288,8.055,11.12
2023-06-01,37.8,23.0,29.8,54,5.111111111111111,26.48,0.0,945.9,3.82,11.12,2.153,19.456,8.95,11.85
2023-06-02,34.8,22.6,28.2,64,4.805555555555555,26.13,0.0,946.5,3.59,10.97,1.495,19.477,7.666,10.15
2023-06-03,35.0,23.0,28.2,69,4.861111111111111,25.29,0.4,946.2,3.64,10.62,1.307,19.12,7.24,9.81
2023-06-04,32.7,23.4,27.1,74,5.138888888888888,22.8,1.6,945.9,3.84,9.58,1.017,16.862,6.145,8.3
2023-06-05,33.6,22.7,27.6,71,4.805555555555555,24.68,0.1,945.3,3.59,10.37,1.154,18.468,6.77,9.3
2023-06-06,34.8,22.4,28.1,67,4.027777777777778,25.24,0.0,945.0,3.01,10.6,1.365,18.861,7.101,9.56
2023-06-07,35.2,23.5,28.5,65,4.916666666666666,25.23,0.0,944.8,3.68,10.6,1.502,18.841,7.549,10.01
2023-06-08,35.0,23.4,28.1,70,5.527777777777778,24.67,0.2,945.2,4.13,10.36,1.275,18.651,7.178,9.66
2023-06-09,34.6,24.0,28.1,69,6.166666666666666,23.99,0.1,943.5,4.61,10.08,1.315,17.94,7.209,9.78
2023-06-10,33.2,24.2,27.9,70,6.861111111111111,23.54,1.5,942.3,5.13,9.89,1.216,17.41,6.97,9.42
2023-06-11,32.6,23.7,27.2,70,7.083333333333333,22.78,1.4,941.9,5.3,9.57,1.177,16.589,6.727,9.05
2023-06-12,33.2,23.5,27.5,67,7.916666666666666,23.56,0.0,941.6,5.92,9.9,1.317,17.168,7.354,9.97
2023-06-13,30.7,23.7,26.7,74,7.25,22.77,0.8,942.8,5.42,9.56,0.955,16.588,6.165,8.4
2023-06-14,31.0,23.5,25.9,79,6.944444444444445,21.78,1.2,944.5,5.19,9.15,0.776,16.007,5.527,7.58
2023-06-15,32.0,23.4,26.5,76,6.638888888888888,22.78,0.4,944.7,4.97,9.57,0.916,16.872,6.069,8.19
2023-06-16,30.3,23.2,26.1,78,8.222222222222223,22.16,1.1,943.8,6.15,9.31,0.788,16.177,5.672,7.54
2023-06-17,31.5,24.0,26.5,77,6.527777777777778,21.75,0.8,944.5,4.88,9.14,0.875,15.969,5.754,7.69
2023-06-18,31.1,23.5,26.3,78,6.333333333333333,21.27,1.0,944.7,4.74,8.93,0.816,15.491,5.482,7.49
2023-06-19,32.3,23.4,27.0,72,5.722222222222222,23.22,0.0,943.9,4.28,9.75,1.08,17.062,6.404,8.42
2023-06-20,32.1,23.2,27.0,72,5.75,22.17,0.4,943.1,4.3,9.31,1.068,16.053,6.144,8.25
2023-06-21,32.5,23.0,27.0,73,5.333333333333333,22.45,1.3,943.5,3.99,9.43,1.04,16.415,6.11,8.09
2023-06-22,32.7,23.2,27.1,71,5.194444444444444,23.09,1.6,943.7,3.89,9.7,1.13,16.916,6.399,8.54
2023-06-23,31.7,23.6,26.5,77,5.194444444444444,20.85,1.4,943.3,3.89,8.76,0.873,15.134,5.432,7.43
2023-06-24,31.2,23.3,25.5,82,5.0,16.24,5.9,941.9,3.74,6.82,0.666,11.101,4.012,5.38
2023-06-25,26.6,22.6,24.5,85,5.583333333333334,11.36,1.1,941.9,4.18,4.77,0.467,7.54,2.788,3.72
2023-06-26,25.2,22.5,23.8,88,5.416666666666667,6.57,3.9,942.9,4.05,2.76,0.356,4.996,1.947,2.39
2023-06-27,27.9,22.6,24.5,85,5.472222222222222,13.35,2.7,942.7,4.09,5.61,0.488,8.728,3.095,4.24
2023-06-28,27.8,22.8,24.5,86,7.027777777777778,16.13,13.6,943.2,5.26,6.77,0.456,10.724,3.51,4.78
2023-06-29,25.3,22.8,23.7,91,5.944444444444444,7.22,18.6,943.3,4.45,3.03,0.27,5.396,1.847,2.79
2023-06-30,26.1,22.6,23.8,90,7.416666666666666,8.41,25.3,943.2,5.55,3.53,0.306,6.055,2.124,2.79
2023-07-01,26.3,22.5,24.0,88,7.055555555555555,14.58,6.7,944.1,5.28,6.12,0.369,9.353,2.972,4.0
2023-07-02,27.1,22.8,24.5,87,6.305555555555555,15.42,8.2,943.5,4.72,6.48,0.414,10.038,3.235,4.35
2023-07-03,28.3,22.8,25.0,87,4.666666666666667,13.95,6.5,941.9,3.49,5.86,0.43,9.213,3.051,4.3
2023-07-04,29.0,23.0,25.1,86,4.805555555555555,18.4,5.9,940.3,3.59,7.73,0.477,12.985,4.043,5.38
2023-07-05,28.7,23.0,24.9,86,4.944444444444445,15.35,6.9,938.6,3.7,6.45,0.472,10.14,3.365,4.53
2023-07-06,25.8,22.8,24.0,89,7.388888888888889,11.49,8.6,939.8,5.53,4.83,0.335,7.698,2.544,3.48
2023-07-07,25.8,23.0,24.0,90,6.861111111111111,9.35,26.5,940.9,5.13,3.93,0.307,6.572,2.219,2.99
2023-07-08,27.1,22.9,24.2,87,7.888888888888888,19.05,16.2,942.6,5.9,8.0,0.415,13.387,3.933,5.18
2023-07-09,26.6,22.9,24.2,87,7.416666666666666,17.85,4.7,943.5,5.55,7.5,0.408,12.223,3.68,4.94
2023-07-10,26.4,22.8,24.1,87,6.305555555555555,14.46,2.0,943.9,4.72,6.07,0.404,9.278,3.039,4.21
2023-07-11,28.0,22.8,24.6,83,5.833333333333333,18.67,0.7,944.0,4.36,7.84,0.557,12.925,4.215,5.47
2023-07-12,26.4,22.7,24.2,88,4.861111111111111,10.23,9.1,943.0,3.64,4.3,0.372,7.021,2.414,3.24
2023-07-13,27.8,22.3,24.5,85,5.472222222222222,16.66,2.6,942.8,4.09,7.0,0.482,11.115,3.619,4.72
2023-07-14,26.9,22.8,24.1,88,5.75,14.08,19.6,943.9,4.3,5.91,0.379,9.174,2.941,4.1
2023-07-15,27.1,22.7,24.3,86,6.555555555555555,15.8,1.5,944.4,4.9,6.64,0.444,10.326,3.378,4.28
2023-07-16,27.7,22.5,24.2,86,6.583333333333333,18.39,5.1,943.6,4.92,7.72,0.451,12.764,3.912,5.13
2023-07-17,26.3,22.2,23.8,88,6.333333333333333,12.67,4.3,942.5,4.74,5.32,0.366,8.3,2.727,3.69
2023-07-18,24.9,22.8,23.5,90,7.749999999999999,9.62,16.0,941.2,5.8,4.04,0.296,6.658,2.22,3.19
2023-07-19,25.4,22.9,23.6,92,7.444444444444445,6.56,30.3,939.2,5.57,2.76,0.241,5.052,1.731,2.3
2023-07-20,26.2,22.9,24.0,89,8.13888888888889,16.75,6.9,939.7,6.09,7.04,0.341,11.266,3.278,4.29
2023-07-21,26.3,22.7,24.0,90,6.055555555555555,10.61,7.8,941.4,4.53,4.46,0.309,7.281,2.359,3.43
2023-07-22,26.3,22.9,23.8,90,7.25,11.33,12.3,941.8,5.42,4.76,0.311,7.69,2.465,3.07
2023-07-23,25.5,22.8,23.7,91,7.305555555555555,9.91,12.1,941.1,5.46,4.16,0.272,6.876,2.186,2.58
2023-07-24,26.0,22.9,24.0,89,7.666666666666667,15.32,7.2,941.4,5.73,6.43,0.338,9.927,3.006,4.07
2023-07-25,25.1,22.8,23.6,90,6.083333333333333,8.24,14.9,942.9,4.55,3.46,0.298,5.925,2.035,2.64
2023-07-26,26.1,22.4,23.7,90,6.555555555555555,10.78,22.7,943.8,4.9,4.53,0.305,7.342,2.364,3.0
2023-07-27,24.6,22.3,23.3,91,6.75,8.37,22.7,944.0,5.05,3.52,0.26,5.973,1.956,2.71
2023-07-28,25.3,22.5,23.4,91,7.222222222222222,9.01,7.5,944.1,5.4,3.78,0.268,6.36,2.065,2.79
2023-07-29,24.9,22.1,23.2,91,6.75,9.33,5.3,944.6,5.05,3.92,0.261,6.493,2.065,2.67
2023-07-30,26.6,22.6,23.9,87,7.305555555555555,19.58,5.8,944.0,5.46,8.22,0.405,13.787,3.98,5.11
2023-07-31,26.4,22.8,24.1,88,7.111111111111112,17.55,3.9,943.5,5.32,7.37,0.373,11.966,3.526,4.83
2023-08-01,26.5,22.9,24.1,87,7.972222222222221,18.39,2.7,943.5,5.96,7.72,0.407,12.708,3.768,5.12
2023-08-02,26.0,22.4,23.6,88,7.861111111111111,16.14,2.5,944.0,5.88,6.78,0.364,10.585,3.205,4.26
2023-08-03,25.8,22.7,23.7,88,8.555555555555555,15.6,3.9,943.5,6.4,6.55,0.365,10.093,3.116,4.43
2023-08-04,27.0,22.5,24.0,88,7.694444444444444,14.88,2.7,944.6,5.76,6.25,0.377,9.598,3.056,3.91
2023-08-05,26.5,22.7,24.1,88,7.333333333333333,17.75,4.2,946.4,5.49,7.46,0.373,12.152,3.56,4.52
2023-08-06,26.8,22.7,24.2,86,7.833333333333333,20.57,2.2,945.9,5.86,8.64,0.44,14.679,4.265,5.58
2023-08-07,27.6,22.5,24.1,85,7.583333333333333,20.9,0.5,944.3,5.67,8.78,0.481,15.008,4.456,5.93
2023-08-08,27.4,22.6,24.3,85,6.777777777777777,19.83,2.0,944.6,5.07,8.33,0.479,14.009,4.255,5.71
2023-08-09,27.9,22.3,24.5,84,6.305555555555555,21.31,1.6,946.6,4.72,8.95,0.516,15.352,4.644,6.16
2023-08-10,27.5,22.6,24.4,84,5.638888888888889,21.17,2.8,947.2,4.22,8.89,0.513,15.201,4.601,6.19
2023-08-11,27.7,21.6,24.3,82,4.611111111111112,21.36,1.0,946.7,3.45,8.97,0.567,15.21,4.711,6.09
2023-08-12,27.9,21.8,24.0,84,5.833333333333333,21.42,2.4,946.3,4.36,9.0,0.51,15.411,4.622,6.38
2023-08-13,27.1,22.0,24.1,84,6.583333333333333,20.41,1.7,945.2,4.92,8.57,0.498,14.402,4.381,5.83
2023-08-14,27.8,22.3,24.3,84,6.138888888888889,21.28,1.4,945.4,4.59,8.94,0.514,15.312,4.625,6.33
2023-08-15,27.6,21.9,24.2,82,5.861111111111112,19.66,0.5,945.8,4.38,8.26,0.569,13.658,4.394,5.91
2023-08-16,28.1,21.8,24.4,83,5.555555555555555,22.44,1.2,946.2,4.16,9.42,0.545,16.321,4.927,6.64
2023-08-17,27.3,21.4,23.9,83,6.138888888888889,20.76,0.2,946.3,4.59,8.72,0.525,14.647,4.493,6.08
2023-08-18,28.3,21.8,24.1,83,5.916666666666667,19.34,0.1,945.0,4.43,8.12,0.549,13.493,4.308,5.81
2023-08-19,27.5,22.2,24.0,85,5.777777777777778,15.81,1.1,943.9,4.32,6.64,0.476,10.287,3.421,4.66
2023-08-20,26.7,22.2,23.9,86,5.916666666666667,17.6,3.0,944.0,4.43,7.39,0.433,11.891,3.663,5.08
2023-08-21,27.7,21.7,24.1,83,5.555555555555555,22.9,1.0,944.5,4.16,9.62,0.536,16.687,4.976,6.66
2023-08-22,28.0,21.5,24.1,85,5.472222222222222,20.63,6.7,944.5,4.09,8.66,0.476,14.724,4.397,5.97
2023-08-23,28.1,21.4,24.2,83,5.444444444444445,20.82,0.1,944.4,4.07,8.74,0.54,14.798,4.568,6.08
2023-08-24,27.9,22.1,24.4,84,5.944444444444444,21.25,1.7,943.7,4.45,8.92,0.513,15.28,4.621,6.38
2023-08-25,27.4,22.8,24.4,86,5.888888888888888,19.36,3.0,943.8,4.4,8.13,0.45,13.647,4.106,5.37
2023-08-26,27.6,22.6,24.5,85,6.527777777777778,20.69,1.7,945.1,4.88,8.69,0.483,14.824,4.444,6.2
2023-08-27,27.4,22.3,24.1,85,6.277777777777778,21.02,3.0,946.0,4.7,8.83,0.476,15.077,4.465,5.95
2023-08-28,28.0,22.0,24.0,84,5.861111111111112,20.78,2.9,945.4,4.38,8.73,0.514,14.851,4.511,5.8
2023-08-29,28.3,21.8,24.4,83,3.944444444444444,21.35,2.2,945.3,2.95,8.97,0.549,15.343,4.705,6.29
2023-08-30,30.1,20.7,24.7,81,3.5277777777777777,23.45,0.2,945.9,2.64,9.85,0.637,17.312,5.349,7.03
2023-08-31,29.9,21.4,24.9,84,3.3611111111111107,21.83,0.8,945.9,2.51,9.17,0.541,16.015,4.879,6.63
2023-09-01,31.3,21.9,25.4,84,3.138888888888889,22.19,5.9,945.8,2.35,9.32,0.576,16.586,5.102,6.7
2023-09-02,29.8,21.7,24.6,87,3.6944444444444446,19.67,3.3,945.5,2.76,8.26,0.441,14.202,4.247,5.6
2023-09-03,28.8,21.5,24.4,85,3.611111111111111,20.03,8.3,944.5,2.7,8.41,0.489,14.274,4.339,5.5
2023-09-04,29.1,21.4,24.2,85,4.916666666666666,18.63,1.5,943.4,3.68,7.82,0.493,13.017,4.054,5.34
2023-09-05,29.0,20.5,24.4,82,4.111111111111112,22.89,0.6,942.9,3.08,9.61,0.578,16.693,5.086,6.42
2023-09-06,28.8,21.0,24.4,83,5.305555555555556,20.06,1.1,943.0,3.97,8.43,0.548,14.155,4.448,5.69
2023-09-07,27.3,22.1,23.9,86,6.222222222222221,14.3,2.5,942.8,4.65,6.01,0.44,9.184,3.108,4.26
2023-09-08,27.0,22.2,23.8,91,6.611111111111111,11.16,39.3,942.9,4.95,4.69,0.281,7.641,2.365,3.27
2023-09-09,27.2,23.0,24.4,89,5.972222222222222,16.98,10.8,943.3,4.47,7.13,0.353,11.607,3.419,4.62
2023-09-10,27.7,22.5,24.5,85,6.138888888888889,19.03,0.9,943.2,4.59,7.99,0.483,13.3,4.118,5.35
2023-09-11,27.4,22.5,24.5,86,5.833333333333333,19.79,1.7,943.9,4.36,8.31,0.446,14.015,4.183,5.57
2023-09-12,28.6,21.4,24.2,82,5.305555555555556,21.1,1.5,944.6,3.97,8.86,0.582,15.064,4.722,6.3
2023-09-13,28.3,22.0,24.3,83,5.027777777777778,20.7,2.2,944.0,3.76,8.69,0.552,14.761,4.585,5.94
2023-09-14,28.4,21.9,24.4,83,4.916666666666666,20.82,1.8,944.1,3.68,8.74,0.552,14.876,4.614,6.38
2023-09-15,28.3,21.5,24.3,82,5.222222222222222,19.84,0.5,944.0,3.91,8.33,0.577,13.876,4.445,6.06
2023-09-16,26.4,22.5,23.9,87,6.555555555555555,11.7,0.9,943.6,4.9,4.91,0.401,7.77,2.717,3.59
2023-09-17,25.9,22.7,23.8,88,7.5,15.44,4.3,942.9,5.61,6.48,0.366,9.957,3.089,4.12
2023-09-18,27.4,22.1,24.1,86,6.666666666666666,20.26,2.7,943.0,4.99,8.51,0.442,14.413,4.231,5.67
2023-09-19,27.5,22.3,24.3,87,6.166666666666666,18.6,2.4,944.4,4.61,7.81,0.414,12.967,3.861,4.84
2023-09-20,28.4,23.0,24.8,85,5.722222222222222,17.01,4.6,945.0,4.28,7.14,0.501,11.574,3.78,5.0
2023-09-21,28.5,23.3,24.9,87,4.083333333333333,14.39,16.1,945.1,3.05,6.04,0.439,9.528,3.116,4.05
2023-09-22,28.0,23.1,24.2,90,3.7777777777777777,7.68,27.5,945.4,2.83,3.23,0.33,5.752,1.98,2.49
2023-09-23,27.1,22.6,23.8,92,4.027777777777778,9.74,27.7,945.6,3.01,4.09,0.253,6.901,2.116,2.78
2023-09-24,27.7,21.7,23.8,89,3.3888888888888884,13.41,7.6,946.0,2.53,5.63,0.347,8.85,2.744,3.93
2023-09-25,28.4,21.9,24.1,87,3.611111111111111,17.43,5.4,945.0,2.7,7.32,0.422,11.97,3.647,4.96
2023-09-26,29.7,21.7,24.4,87,3.5833333333333335,20.42,17.9,944.8,2.68,8.58,0.44,14.878,4.404,5.79
2023-09-27,27.6,21.6,23.8,90,2.4722222222222223,14.9,12.5,944.1,1.85,6.26,0.314,9.703,2.906,3.96
2023-09-28,28.5,21.8,24.5,89,3.2777777777777777,14.44,3.0,943.4,2.45,6.06,0.358,9.527,2.948,4.14
2023-09-29,29.6,21.8,24.4,89,3.6944444444444446,17.85,24.0,943.2,2.76,7.5,0.372,12.616,3.731,5.11
2023-09-30,29.1,21.4,24.2,90,4.361111111111111,14.79,8.1,943.0,3.26,6.21,0.329,9.822,2.966,3.96
2023-10-01,26.9,21.8,23.7,92,4.916666666666666,9.36,19.6,943.0,3.68,3.93,0.246,6.636,2.046,2.63
2023-10-02,27.8,21.7,24.3,83,4.305555555555555,14.94,0.0,945.6,3.22,6.27,0.538,9.4,3.276,4.47
2023-10-03,28.9,21.0,24.6,83,2.7222222222222223,20.0,0.4,946.9,2.04,8.4,0.55,14.113,4.384,5.9
2023-10-04,29.3,21.2,24.8,83,2.75,21.1,0.0,947.6,2.06,8.86,0.56,15.192,4.687,6.38
2023-10-05,30.3,20.1,24.2,80,2.111111111111111,22.38,0.0,947.2,1.58,9.4,0.667,16.256,5.044,6.82
2023-10-06,29.8,19.8,24.0,80,1.8611111111111112,22.28,0.0,946.4,1.39,9.36,0.65,16.077,4.957,6.77
2023-10-07,30.6,20.4,24.7,77,2.611111111111111,21.37,0.0,946.7,1.95,8.98,0.781,15.218,4.968,6.54
2023-10-08,30.3,21.5,25.9,70,1.777777777777778,20.5,0.0,947.9,1.33,8.61,1.032,14.04,4.816,6.62
2023-10-09,30.5,21.7,25.7,70,2.611111111111111,20.25,0.0,949.1,1.95,8.5,1.044,13.848,4.965,6.65
2023-10-10,30.8,21.8,26.0,68,2.3333333333333335,21.5,0.0,948.8,1.75,9.03,1.129,14.916,5.293,7.37
2023-10-11,29.9,22.0,25.5,73,2.4166666666666665,20.05,0.1,948.7,1.81,8.42,0.926,13.794,4.766,6.25
2023-10-12,31.0,22.0,25.9,73,2.638888888888889,20.66,0.4,949.1,1.97,8.68,0.963,14.492,5.047,6.99
2023-10-13,31.8,22.4,26.2,68,3.5833333333333335,21.23,0.0,949.6,2.68,8.92,1.186,14.831,5.657,7.57
2023-10-14,31.4,21.5,26.1,63,2.388888888888889,20.44,0.0,949.5,1.79,8.58,1.325,13.67,5.193,6.83
2023-10-15,30.6,21.3,25.8,66,2.4166666666666665,20.4,0.0,948.2,1.81,8.57,1.177,13.723,5.044,6.65
2023-10-16,30.8,21.6,25.9,67,3.0277777777777777,20.27,0.1,948.0,2.26,8.51,1.159,13.708,5.184,6.86
2023-10-17,30.6,20.7,25.7,66,2.2222222222222223,20.63,0.0,949.1,1.66,8.66,1.162,13.899,5.014,6.75
2023-10-18,30.3,21.2,25.8,64,3.3611111111111107,20.87,0.0,950.0,2.51,8.77,1.23,13.989,5.45,7.35
2023-10-19,30.1,21.7,25.3,69,2.8055555555555554,19.74,0.5,949.9,2.1,8.29,1.064,13.27,4.879,6.42
2023-10-20,30.2,21.1,24.9,73,3.75,16.03,3.2,949.7,2.8,6.73,0.917,10.069,4.055,5.4
2023-10-21,30.1,21.1,25.6,68,2.9166666666666665,19.6,0.7,950.2,2.18,8.23,1.083,13.041,4.875,6.82
2023-10-22,31.1,22.1,26.2,62,3.083333333333333,20.08,0.1,950.4,2.31,8.43,1.364,13.274,5.377,7.43
2023-10-23,30.8,20.2,26.1,61,2.972222222222222,20.02,0.0,949.4,2.22,8.41,1.328,13.015,5.219,7.02
2023-10-24,30.7,21.6,26.2,54,2.7777777777777777,20.4,0.0,949.0,2.08,8.57,1.609,12.953,5.499,7.34
2023-10-25,30.5,19.8,25.3,54,3.083333333333333,19.66,0.0,950.3,2.31,8.26,1.535,12.172,5.347,7.15
2023-10-26,29.6,19.9,24.3,50,3.4444444444444446,21.22,0.0,950.4,2.58,8.91,1.618,13.259,5.931,8.0
2023-10-27,29.6,19.7,24.0,48,3.8055555555555554,21.68,0.0,949.0,2.85,9.11,1.675,13.536,6.27,8.21
2023-10-28,29.9,19.1,24.1,49,3.1666666666666665,21.64,0.0,948.7,2.37,9.09,1.64,13.573,5.918,7.85
2023-10-29,30.7,20.0,24.4,50,2.861111111111111,20.94,0.0,948.5,2.14,8.79,1.689,13.099,5.712,7.37
2023-10-30,31.0,19.6,24.4,55,2.944444444444444,20.79,0.0,948.4,2.2,8.73,1.524,13.32,5.574,7.49
2023-10-31,30.2,19.1,24.4,56,3.222222222222222,19.81,0.0,949.0,2.41,8.32,1.431,12.386,5.316,7.19
2023-11-01,30.1,19.1,24.2,54,3.222222222222222,20.9,0.0,949.6,2.41,8.78,1.49,13.248,5.627,7.43
2023-11-02,30.6,18.6,24.3,56,3.1111111111111107,20.28,0.0,948.7,2.33,8.52,1.438,12.838,5.399,7.43
2023-11-03,30.7,18.3,24.5,59,2.888888888888889,20.08,0.0,947.2,2.16,8.43,1.337,12.846,5.164,6.7
2023-11-04,30.5,18.7,24.6,61,3.5,19.69,0.0,947.2,2.62,8.27,1.272,12.608,5.217,6.74
2023-11-05,31.3,19.4,25.9,55,3.3055555555555554,19.07,0.0,948.5,2.47,8.01,1.535,11.76,5.319,7.13
2023-11-06,31.1,18.6,24.5,54,3.5,19.47,0.0,949.4,2.62,8.18,1.532,12.009,5.499,7.49
2023-11-07,31.0,18.2,25.0,60,3.75,19.09,0.0,949.3,2.8,8.02,1.317,12.026,5.221,7.21
2023-11-08,29.7,21.1,24.7,76,4.555555555555555,16.05,1.5,949.2,3.41,6.74,0.801,10.2,4.018,5.29
2023-11-09,30.2,19.4,23.7,82,3.8055555555555554,17.79,4.4,949.6,2.85,7.47,0.589,12.082,3.96,5.44
2023-11-10,30.0,19.8,23.8,85,3.3888888888888884,16.93,4.9,950.9,2.53,7.11,0.491,11.452,3.617,4.82
2023-11-11,30.6,19.9,25.0,73,3.5277777777777777,18.51,0.0,951.1,2.64,7.77,0.907,12.323,4.554,6.05
2023-11-12,30.7,19.4,24.6,66,3.2777777777777777,18.87,0.0,951.1,2.45,7.93,1.134,12.219,4.83,6.57
2023-11-13,30.3,20.1,24.3,65,1.972222222222222,18.99,0.0,950.6,1.48,7.98,1.167,12.26,4.479,6.07
2023-11-14,29.7,19.7,24.3,61,2.7222222222222223,19.43,0.0,949.9,2.04,8.16,1.261,12.332,4.871,6.26
2023-11-15,29.0,17.5,24.0,53,2.638888888888889,19.83,0.0,949.8,1.97,8.33,1.411,12.046,4.963,6.84
2023-11-16,29.4,18.1,23.3,58,2.888888888888889,19.72,0.0,949.7,2.16,8.28,1.297,12.314,4.978,6.84
2023-11-17,29.3,17.4,23.1,60,2.7222222222222223,19.49,0.0,949.6,2.04,8.19,1.213,12.187,4.767,6.26
2023-11-18,29.7,18.1,23.7,58,2.611111111111111,18.17,0.0,949.0,1.95,7.63,1.312,10.917,4.533,6.1
2023-11-19,30.9,19.2,25.1,59,2.4444444444444446,18.33,0.0,949.2,1.83,7.7,1.372,11.295,4.631,6.25
2023-11-20,30.5,20.7,24.9,64,3.0555555555555554,17.97,0.0,949.6,2.29,7.55,1.225,11.315,4.673,6.27
2023-11-21,29.6,19.0,24.1,61,3.6944444444444446,19.16,0.0,949.3,2.76,8.05,1.237,12.041,5.084,6.7
2023-11-22,29.7,19.3,24.2,56,2.7222222222222223,18.9,0.0,948.6,2.04,7.94,1.41,11.51,4.862,6.38
2023-11-23,30.2,19.2,24.2,59,1.8333333333333333,16.78,0.0,946.9,1.37,7.05,1.336,9.796,3.924,5.23
2023-11-24,30.4,19.3,24.0,67,3.3611111111111107,17.01,0.9,947.2,2.51,7.14,1.086,10.529,4.359,5.99
2023-11-25,29.4,18.3,23.8,74,3.4444444444444446,16.22,2.0,948.8,2.58,6.81,0.806,10.032,3.799,5.15
2023-11-26,29.7,19.6,23.2,80,4.555555555555555,15.11,19.3,949.1,3.41,6.35,0.645,9.454,3.52,4.64
2023-11-27,28.0,19.6,23.0,82,3.8333333333333335,14.97,2.0,947.8,2.87,6.29,0.545,9.23,3.192,4.37
2023-11-28,28.3,19.1,22.7,84,2.972222222222222,15.61,1.7,946.8,2.22,6.56,0.485,9.911,3.177,3.81
2023-11-29,28.9,18.6,22.8,80,2.5,15.0,0.3,947.5,1.87,6.3,0.613,9.187,3.133,4.35
2023-11-30,29.1,17.9,22.7,79,4.416666666666667,15.58,1.0,948.0,3.3,6.54,0.638,9.651,3.531,4.45
2023-12-01,29.3,16.9,22.7,75,2.7777777777777777,16.11,0.3,947.8,2.08,6.77,0.75,9.899,3.547,4.67
2023-12-02,29.6,18.1,23.2,73,4.25,16.5,0.2,947.1,3.18,6.93,0.84,10.247,4.06,5.25
2023-12-03,29.9,18.5,23.6,72,4.111111111111112,17.12,0.2,947.8,3.08,7.19,0.889,10.819,4.263,5.49
2023-12-04,30.5,18.5,23.9,71,3.0277777777777777,17.68,0.1,946.9,2.26,7.43,0.942,11.35,4.253,5.84
2023-12-05,29.6,18.0,23.4,70,2.7222222222222223,17.49,0.0,946.1,2.04,7.35,0.932,10.986,4.073,5.36
2023-12-06,28.1,18.0,22.5,76,3.0,15.39,0.3,947.0,2.24,6.46,0.704,9.206,3.343,4.51
2023-12-07,27.2,17.2,21.9,79,2.2222222222222223,14.72,0.9,947.5,1.66,6.18,0.585,8.72,2.924,3.89
2023-12-08,28.4,17.4,22.6,74,1.9444444444444444,16.04,0.4,948.1,1.45,6.74,0.761,9.702,3.341,4.53
2023-12-09,29.0,16.9,22.8,71,2.4444444444444446,17.35,0.0,949.1,1.83,7.29,0.86,10.791,3.853,5.15
2023-12-10,29.0,16.4,22.9,68,2.4722222222222223,17.0,0.0,948.3,1.85,7.14,0.939,10.283,3.836,4.92
2023-12-11,29.1,17.9,23.3,63,2.2777777777777777,17.46,0.0,948.5,1.7,7.33,1.125,10.497,4.063,5.57
2023-12-12,28.8,18.4,23.0,65,2.138888888888889,16.48,0.0,947.5,1.6,6.92,1.063,9.704,3.737,4.91
2023-12-13,29.0,18.0,22.5,62,2.361111111111111,17.95,0.0,948.1,1.77,7.54,1.153,10.884,4.229,5.41
2023-12-14,27.9,16.5,21.6,62,3.416666666666667,18.1,0.0,949.4,2.56,7.6,1.071,10.857,4.45,5.87
2023-12-15,27.2,16.9,21.1,61,3.555555555555556,18.19,0.0,950.2,2.66,7.64,1.079,10.835,4.505,6.23
2023-12-16,27.6,15.9,21.2,62,3.1111111111111107,17.83,0.0,949.7,2.33,7.49,1.045,10.56,4.244,5.79
2023-12-17,27.8,15.1,21.5,70,3.611111111111111,14.95,0.0,949.1,2.7,6.28,0.818,8.349,3.455,4.55
2023-12-18,27.1,17.1,21.9,66,5.0,16.98,0.0,950.3,3.74,7.13,0.941,9.994,4.385,5.79
2023-12-19,26.7,17.8,21.5,63,4.111111111111112,16.57,0.0,951.2,3.08,6.96,1.025,9.448,4.243,5.61
2023-12-20,27.4,14.1,20.3,63,3.416666666666667,17.12,0.0,950.8,2.56,7.19,0.973,9.886,4.057,5.72
2023-12-21,29.5,16.7,22.0,61,2.5555555555555554,17.55,0.0,950.1,1.91,7.37,1.175,10.456,4.22,5.68
2023-12-22,29.7,16.8,22.6,61,2.5277777777777777,16.8,0.0,950.0,1.89,7.06,1.186,9.79,4.056,5.47
2023-12-23,29.6,17.5,22.5,50,3.0277777777777777,17.82,0.0,950.6,2.26,7.48,1.537,10.053,4.86,6.63
2023-12-24,29.5,17.0,22.2,51,3.083333333333333,17.53,0.0,952.0,2.31,7.36,1.485,9.83,4.767,6.39
2023-12-25,30.2,15.5,22.2,59,2.9166666666666665,17.78,0.0,951.7,2.18,7.47,1.241,10.58,4.486,5.94
2023-12-26,31.0,18.0,23.5,52,2.611111111111111,18.04,0.0,951.5,1.95,7.58,1.574,10.529,4.787,6.35
2023-12-27,30.3,18.6,23.3,51,3.2777777777777777,18.01,0.0,951.8,2.45,7.56,1.583,10.389,5.117,6.81
2023-12-28,30.5,16.8,22.7,63,3.0555555555555554,18.05,0.0,950.1,2.29,7.58,1.162,11.143,4.549,6.06
2023-12-29,30.2,17.1,22.6,59,2.2222222222222223,18.13,0.0,950.1,1.66,7.61,1.28,10.954,4.344,5.9
2023-12-30,29.9,14.6,22.1,61,2.5555555555555554,18.04,0.0,949.5,1.91,7.58,1.147,10.88,4.287,5.72
2023-12-31,30.1,17.9,23.5,54,2.833333333333333,17.94,0.0,949.2,2.12,7.53,1.453,10.482,4.721,6.4
2024-01-01,29.4,18.4,23.1,55,2.0833333333333335,17.83,0.0,949.3,1.56,7.49,1.399,10.398,4.275,5.69
2024-01-02,29.8,18.0,23.6,52,2.5,17.8,0.0,948.5,1.87,7.48,1.502,10.199,4.55,6.08
2024-01-03,30.0,18.1,23.2,58,2.4166666666666665,17.6,0.0,947.7,1.81,7.39,1.327,10.422,4.351,5.5
2024-01-04,30.1,18.1,23.2,57,3.3888888888888884,17.85,0.0,947.8,2.53,7.5,1.364,10.599,4.857,6.61
2024-01-05,29.6,14.9,22.6,56,3.6666666666666665,17.6,0.0,948.0,2.74,7.39,1.285,10.16,4.739,6.37
2024-01-06,29.8,16.6,22.7,61,2.055555555555556,16.41,0.0,948.2,1.54,6.89,1.186,9.434,3.776,5.18
2024-01-07,29.2,16.8,22.9,64,3.9722222222222223,15.64,1.1,948.5,2.97,6.57,1.074,8.846,4.131,5.07
2024-01-08,29.8,16.6,23.0,60,3.7777777777777777,16.98,0.3,949.0,2.83,7.13,1.217,9.899,4.585,6.43
2024-01-09,27.8,18.6,22.5,75,4.361111111111111,12.86,1.2,949.5,3.26,5.4,0.735,7.791,3.304,4.38
2024-01-10,28.4,17.1,21.2,85,4.333333333333333,14.98,10.4,949.8,3.24,6.29,0.436,9.275,2.986,4.15
2024-01-11,29.0,18.1,23.1,73,2.0,16.68,0.1,950.1,1.5,7.01,0.821,10.342,3.596,4.64
2024-01-12,29.9,17.0,23.4,63,2.944444444444444,18.39,0.0,949.8,2.2,7.72,1.139,11.399,4.535,6.14
2024-01-13,30.1,19.0,24.6,48,2.638888888888889,18.69,0.0,950.5,1.97,7.85,1.681,10.803,4.985,6.49
2024-01-14,30.1,19.0,24.0,50,3.7777777777777777,18.61,0.0,950.6,2.83,7.82,1.616,10.868,5.51,7.25
2024-01-15,29.1,14.5,21.9,48,3.3055555555555554,19.4,0.0,949.5,2.47,8.15,1.477,11.272,5.209,7.23
2024-01-16,30.0,15.3,20.9,57,4.416666666666667,19.31,0.0,947.3,3.3,8.11,1.286,11.842,5.437,7.22
2024-01-17,28.4,13.4,20.2,66,4.25,19.22,0.0,946.3,3.18,8.07,0.919,12.051,4.631,6.21
2024-01-18,27.1,14.3,19.4,71,3.888888888888889,18.96,0.0,947.7,2.91,7.96,0.756,11.962,4.184,5.71
2024-01-19,28.9,13.0,20.6,66,3.8333333333333335,18.8,0.0,947.9,2.87,7.9,0.932,11.705,4.491,6.06
2024-01-20,28.8,16.5,21.5,63,4.583333333333333,19.09,0.0,948.8,3.43,8.02,1.08,11.911,5.03,6.73
2024-01-21,29.6,16.0,21.7,60,2.694444444444444,19.4,0.0,949.3,2.02,8.15,1.193,12.085,4.703,6.33
2024-01-22,29.8,15.8,21.7,63,4.166666666666667,19.53,0.0,949.8,3.12,8.2,1.108,12.393,5.087,7.14
2024-01-23,27.9,15.2,21.0,56,2.611111111111111,19.97,0.0,949.5,1.95,8.39,1.207,12.197,4.714,6.28
2024-01-24,27.6,13.3,19.8,48,2.944444444444444,20.08,0.0,949.6,2.2,8.43,1.357,11.771,4.998,6.69
2024-01-25,28.3,14.1,20.8,45,2.638888888888889,20.01,0.0,951.1,1.97,8.4,1.5,11.579,5.011,6.84
2024-01-26,30.0,14.5,22.3,42,2.2222222222222223,19.79,0.0,952.1,1.66,8.31,1.709,11.299,4.956,6.77
2024-01-27,30.4,17.1,23.3,43,3.222222222222222,19.49,0.0,952.3,2.41,8.19,1.793,11.16,5.618,7.67
2024-01-28,30.8,17.1,23.6,49,2.4444444444444446,19.81,0.0,951.7,1.83,8.32,1.63,11.909,5.125,6.93
2024-01-29,30.7,16.8,23.9,43,2.111111111111111,19.82,0.0,951.3,1.58,8.32,1.804,11.48,5.015,6.52
2024-01-30,30.8,18.5,23.7,46,4.194444444444445,19.9,0.0,950.3,3.14,8.36,1.774,11.817,6.248,8.58
2024-01-31,30.9,17.7,23.1,48,4.583333333333333,20.04,0.0,949.8,3.43,8.42,1.688,12.075,6.349,8.29
2024-02-01,28.5,14.3,20.5,57,4.083333333333333,20.65,0.0,950.2,3.05,8.67,1.187,12.909,5.352,7.18
2024-02-02,29.0,13.7,21.5,56,3.083333333333333,20.62,0.0,950.7,2.31,8.66,1.226,12.856,5.079,6.66
2024-02-03,31.6,15.0,23.4,49,3.7222222222222223,20.54,0.0,951.2,2.78,8.63,1.62,12.606,5.926,7.89
2024-02-04,32.7,19.9,25.6,47,2.111111111111111,20.21,0.0,952.2,1.58,8.49,1.927,12.385,5.358,7.19
2024-02-05,33.6,19.4,25.9,47,4.25,20.37,0.0,952.2,3.18,8.56,1.976,12.604,6.721,9.01
2024-02-06,34.6,20.1,26.1,46,4.111111111111112,20.22,0.0,951.8,3.08,8.49,2.12,12.509,6.872,9.23
2024-02-07,34.0,20.3,26.2,43,4.444444444444445,20.47,0.0,952.3,3.32,8.6,2.195,12.438,7.173,9.81
2024-02-08,33.0,16.6,23.8,41,3.0,21.28,0.0,951.4,2.24,8.94,2.041,12.851,6.258,8.41
2024-02-09,33.9,18.0,24.6,34,4.472222222222222,21.81,0.0,950.6,3.35,9.16,2.427,12.834,7.88,10.47
2024-02-10,34.3,16.2,24.3,38,5.083333333333333,21.91,0.0,951.4,3.8,9.2,2.248,13.289,8.021,10.84
2024-02-11,33.2,14.3,23.7,40,5.055555555555555,21.66,0.0,951.5,3.78,9.1,2.015,13.114,7.495,10.17
2024-02-12,33.2,18.0,24.4,37,4.527777777777778,21.46,0.0,951.0,3.39,9.01,2.253,12.725,7.557,9.89
2024-02-13,33.7,15.6,23.9,32,4.638888888888888,21.46,0.0,950.6,3.47,9.01,2.381,12.305,7.842,10.55
2024-02-14,32.6,15.8,25.0,33,2.8055555555555554,20.19,0.0,950.6,2.1,8.48,2.249,11.154,5.927,8.01
2024-02-15,33.1,17.9,25.2,37,3.222222222222222,20.32,0.0,950.2,2.41,8.53,2.239,11.667,6.337,8.4
2024-02-16,34.3,18.6,26.3,41,2.5555555555555554,21.64,0.0,950.6,1.91,9.09,2.228,13.331,6.229,8.51
2024-02-17,33.6,19.1,26.4,38,2.5555555555555554,22.27,0.0,949.6,1.91,9.35,2.298,13.605,6.382,8.49
2024-02-18,34.7,18.8,26.1,37,4.805555555555555,21.54,0.0,948.2,3.59,9.05,2.426,12.929,7.964,10.64
2024-02-19,34.2,19.6,26.0,31,3.9722222222222223,22.58,0.0,948.7,2.97,9.48,2.643,13.297,7.891,10.5
2024-02-20,33.8,17.9,25.0,36,5.222222222222222,22.56,0.0,949.1,3.91,9.48,2.34,13.694,8.335,11.12
2024-02-21,31.5,16.6,23.2,54,4.805555555555555,22.9,0.0,948.4,3.59,9.62,1.498,15.14,6.707,8.78
2024-02-22,30.5,15.0,22.0,60,4.666666666666667,22.59,0.0,948.5,3.49,9.49,1.214,15.081,6.042,7.84
2024-02-23,31.0,14.4,22.5,48,2.611111111111111,23.23,0.0,948.5,1.95,9.76,1.595,14.95,5.942,8.16
2024-02-24,33.1,17.1,23.9,37,4.5,23.39,0.0,948.0,3.37,9.82,2.208,14.482,7.895,10.4
2024-02-25,33.2,17.4,24.7,23,2.75,23.26,0.0,947.4,2.06,9.77,2.724,13.049,7.025,9.22
2024-02-26,34.2,18.4,26.1,40,6.194444444444445,21.84,0.0,947.6,4.63,9.17,2.249,13.418,8.475,10.98
2024-02-27,35.1,21.4,27.5,39,5.5,20.11,0.0,948.9,4.11,8.45,2.502,11.887,8.156,10.78
2024-02-28,34.0,20.8,27.4,38,3.3888888888888884,20.55,0.0,949.0,2.53,8.63,2.411,12.091,6.668,8.69
2024-02-29,35.3,22.6,28.3,35,4.388888888888889,20.0,0.0,948.7,3.28,8.4,2.749,11.452,7.687,10.5
2024-03-01,35.6,22.5,28.3,37,5.083333333333333,21.36,0.0,949.2,3.8,8.97,2.689,12.923,8.435,11.4
2024-03-02,34.2,19.8,25.9,50,6.166666666666666,21.05,0.0,948.8,4.61,8.84,1.922,13.539,7.716,10.18
2024-03-03,31.4,18.0,23.6,66,5.333333333333333,22.81,0.0,948.6,3.99,9.58,1.132,15.858,6.17,8.56
2024-03-04,32.5,14.7,23.2,49,4.694444444444444,24.12,0.0,948.5,3.51,10.13,1.674,15.979,7.242,9.8
2024-03-05,34.5,16.9,24.6,41,4.833333333333333,23.89,0.0,948.7,3.62,10.03,2.181,15.388,8.192,10.87
2024-03-06,34.6,16.5,24.9,36,5.5,24.0,0.0,948.7,4.11,10.08,2.361,15.067,8.86,11.44
2024-03-07,34.4,17.8,25.9,23,4.75,24.49,0.0,948.3,3.55,10.29,2.879,14.228,9.167,12.57
2024-03-08,34.8,20.6,27.4,25,3.4444444444444446,23.86,0.0,949.1,2.58,10.02,2.995,13.886,8.045,10.52
2024-03-09,35.5,21.3,27.6,23,4.666666666666667,24.33,0.0,949.1,3.49,10.22,3.201,14.121,9.481,12.39
2024-03-10,36.5,20.1,27.7,28,5.222222222222222,24.31,0.0,949.7,3.91,10.21,3.045,14.733,9.766,13.17
2024-03-11,35.6,20.0,27.7,27,4.75,24.38,0.0,951.0,3.55,10.24,2.975,14.629,9.24,12.69
2024-03-12,37.4,22.1,29.0,29,5.694444444444445,24.51,0.0,950.3,4.26,10.29,3.221,15.115,10.387,14.06
2024-03-13,35.2,18.7,26.8,33,4.666666666666667,25.01,0.0,949.3,3.49,10.5,2.627,15.788,8.9,11.95
2024-03-14,35.2,17.7,26.1,34,4.75,25.02,0.0,949.3,3.55,10.51,2.544,15.882,8.878,11.93
2024-03-15,35.1,17.7,25.6,32,5.027777777777778,24.82,0.0,948.4,3.76,10.42,2.611,15.501,9.154,12.33
2024-03-16,35.1,18.0,26.7,37,5.388888888888888,24.39,0.0,948.3,4.03,10.24,2.431,15.573,8.902,11.98
2024-03-17,35.9,18.9,27.0,31,5.555555555555555,24.67,0.0,948.5,4.16,10.36,2.792,15.331,9.7,12.98
2024-03-18,35.0,18.8,26.9,23,5.444444444444445,24.68,0.0,948.5,4.07,10.37,3.0,14.424,9.865,13.17
2024-03-19,34.6,18.1,26.6,30,4.638888888888888,25.33,0.0,948.3,3.47,10.64,2.652,15.743,8.936,11.91
2024-03-20,35.5,20.8,28.0,21,4.583333333333333,25.65,0.0,948.5,3.43,10.77,3.253,15.089,9.698,12.82
2024-03-21,35.9,18.8,27.8,25,3.4722222222222223,24.78,0.0,947.4,2.6,10.41,3.029,14.789,8.318,11.05
2024-03-22,36.8,19.6,27.8,41,5.027777777777778,25.01,0.0,946.2,3.76,10.5,2.504,16.697,9.016,11.77
2024-03-23,37.0,20.4,28.4,31,5.277777777777778,25.28,0.0,946.4,3.95,10.62,2.992,15.991,9.908,13.2
2024-03-24,37.1,21.3,28.9,30,4.888888888888889,25.06,0.0,947.7,3.66,10.53,3.095,15.7,9.693,12.78
2024-03-25,37.6,21.9,29.8,36,4.527777777777778,24.51,0.0,948.2,3.39,10.29,2.915,15.888,9.064,11.92
2024-03-26,38.0,23.4,30.2,33,4.861111111111111,24.49,0.0,948.4,3.64,10.29,3.183,15.623,9.656,12.9
2024-03-27,39.9,22.7,30.0,37,5.611111111111111,22.72,0.0,949.5,4.2,9.54,3.18,14.609,9.972,13.5
2024-03-28,38.8,23.4,30.1,37,6.222222222222221,20.57,0.0,948.3,4.65,8.64,3.085,12.532,9.665,13.02
2024-03-29,38.1,23.3,30.0,41,5.75,21.08,0.0,947.4,4.3,8.85,2.809,13.336,8.995,11.76
2024-03-30,38.0,23.6,30.4,43,4.944444444444445,22.39,0.0,948.7,3.7,9.4,2.718,14.74,8.639,11.37
2024-03-31,37.9,24.3,31.0,31,6.027777777777778,22.62,0.0,949.7,4.51,9.5,3.321,13.689,10.172,13.7
2024-04-01,39.0,25.0,31.0,22,5.638888888888889,24.89,0.0,947.4,4.22,10.45,3.962,14.709,11.374,15.02
2024-04-02,39.2,21.6,29.8,30,5.361111111111112,25.51,0.0,945.7,4.01,10.71,3.376,16.289,10.607,14.11
2024-04-03,39.5,21.5,29.3,34,5.527777777777778,25.1,0.0,946.6,4.13,10.54,3.216,16.395,10.512,14.1
2024-04-04,38.7,22.9,30.1,31,5.583333333333334,25.29,0.0,947.0,4.18,10.62,3.337,16.183,10.636,14.04
2024-04-05,39.3,22.0,30.5,31,5.388888888888888,25.98,0.0,946.6,4.03,10.91,3.363,16.854,10.649,14.21
2024-04-06,39.1,22.8,31.0,26,4.472222222222222,24.22,0.0,945.8,3.35,10.17,3.628,14.62,9.707,12.74
2024-04-07,37.8,23.3,30.3,23,6.472222222222222,22.47,0.0,945.5,4.84,9.44,3.624,12.538,10.975,14.54
2024-04-08,37.7,21.1,29.1,23,4.472222222222222,26.4,0.0,945.9,3.35,11.09,3.473,16.14,10.11,13.53
2024-04-09,38.4,21.9,29.9,31,5.583333333333334,26.11,0.0,946.1,4.18,10.97,3.242,16.892,10.653,13.97
2024-04-10,38.9,21.4,29.6,32,5.527777777777778,26.1,0.0,946.2,4.13,10.96,3.231,17.032,10.658,14.28
2024-04-11,39.6,22.8,30.0,28,6.194444444444445,25.37,0.0,946.7,4.63,10.66,3.598,15.97,11.596,15.46
2024-04-12,37.5,22.7,29.6,30,5.611111111111111,25.96,0.0,946.6,4.2,10.9,3.222,16.58,10.597,14.21
2024-04-13,37.5,21.3,28.6,38,5.527777777777778,26.55,0.0,946.7,4.13,11.15,2.784,17.943,10.102,13.5
2024-04-14,39.6,20.4,29.2,45,5.777777777777778,26.57,0.0,947.3,4.32,11.16,2.645,18.859,10.126,13.71
2024-04-15,40.2,23.4,31.8,44,4.333333333333333,23.68,0.1,948.0,3.24,9.95,2.893,16.294,8.816,11.77
2024-04-16,39.2,26.6,33.0,37,3.861111111111111,21.08,0.4,947.1,2.89,8.85,3.323,13.165,8.094,10.73
2024-04-17,40.0,27.4,32.9,36,4.583333333333333,21.74,0.0,947.0,3.43,9.13,3.528,13.778,9.158,12.23
2024-04-18,40.0,25.0,31.5,54,5.611111111111111,21.57,0.0,946.1,4.2,9.06,2.425,15.386,8.531,11.46
2024-04-19,39.8,25.1,31.4,44,6.083333333333333,22.83,0.0,944.7,4.55,9.59,2.936,15.537,9.824,13.11
2024-04-20,38.4,24.4,30.5,47,4.388888888888889,23.37,0.0,945.1,3.28,9.82,2.604,16.115,8.451,11.27
2024-04-21,38.5,23.2,30.2,40,6.25,22.89,0.0,945.3,4.68,9.61,2.895,14.942,9.852,13.03
2024-04-22,38.1,23.7,30.4,37,4.722222222222222,24.51,0.0,946.0,3.53,10.29,3.021,16.094,9.363,12.38
2024-04-23,39.5,23.6,31.1,34,5.444444444444445,26.12,0.0,945.0,4.07,10.97,3.331,17.384,10.679,14.03
2024-04-24,38.9,23.6,31.0,41,4.833333333333333,22.65,0.0,944.4,3.62,9.51,2.911,14.884,8.873,12.09
2024-04-25,39.5,24.1,30.6,44,7.861111111111111,22.88,5.1,944.8,5.88,9.61,2.851,15.496,10.72,14.11
2024-04-26,39.2,24.4,31.1,37,6.166666666666666,21.61,0.0,944.7,4.61,9.08,3.189,13.565,9.934,13.14
2024-04-27,40.3,24.8,32.7,34,3.6944444444444446,23.9,0.0,945.1,2.76,10.04,3.506,15.46,8.864,11.71
2024-04-28,40.9,25.7,33.3,31,6.138888888888889,23.41,0.0,945.1,4.59,9.83,3.808,14.728,11.065,14.89
2024-04-29,40.4,26.1,33.6,26,5.666666666666666,23.8,0.0,946.2,4.24,10.0,4.039,14.385,10.961,14.57
2024-04-30,40.4,25.7,33.1,22,4.888888888888889,26.78,0.0,945.1,3.66,11.25,4.226,16.542,11.239,15.17
2024-05-01,38.2,24.0,30.7,29,5.916666666666667,26.8,0.0,943.7,4.43,11.26,3.437,17.315,11.268,14.92
2024-05-02,38.7,21.7,29.3,35,4.694444444444444,27.34,0.0,943.7,3.51,11.48,3.08,18.489,10.177,13.61
2024-05-03,39.6,19.8,29.1,35,4.25,27.96,0.0,944.6,3.18,11.74,3.097,19.114,10.065,13.29
2024-05-04,38.4,20.1,29.7,46,4.194444444444445,27.31,0.0,945.5,3.14,11.47,2.463,19.468,9.06,12.4
2024-05-05,39.0,22.3,30.2,49,5.611111111111111,26.22,0.0,944.4,4.2,11.01,2.469,18.905,9.615,12.64
2024-05-06,37.8,22.2,29.6,48,5.277777777777778,26.88,0.0,945.0,3.95,11.29,2.4,19.256,9.45,12.65
2024-05-07,37.3,20.5,28.4,58,5.694444444444445,26.64,0.0,945.7,4.26,11.19,1.846,19.732,8.677,11.66
2024-05-08,38.7,21.1,28.7,64,5.972222222222222,25.93,0.0,945.3,4.47,10.89,1.689,19.806,8.432,11.3
2024-05-09,36.6,21.8,29.0,62,5.194444444444444,22.75,0.6,944.6,3.89,9.56,1.663,16.43,7.32,9.73
2024-05-10,36.6,23.0,28.7,63,4.305555555555555,20.84,12.5,945.7,3.22,8.75,1.656,14.825,6.614,8.8
2024-05-11,37.5,24.2,29.0,63,5.777777777777778,21.49,5.7,946.6,4.32,9.03,1.752,15.645,7.488,9.99
2024-05-12,34.8,23.7,28.3,60,4.055555555555555,21.22,1.1,946.6,3.03,8.91,1.698,14.733,6.579,8.75
2024-05-13,34.9,24.7,27.9,62,2.694444444444444,18.2,16.8,946.2,2.02,7.64,1.654,12.191,5.284,7.19
2024-05-14,36.6,23.5,29.2,60,4.527777777777778,22.13,0.0,945.9,3.39,9.29,1.807,15.809,7.193,9.92
2024-05-15,36.3,23.5,29.6,54,4.611111111111112,25.29,0.0,946.2,3.45,10.62,2.055,18.185,8.252,10.92
2024-05-16,37.1,24.0,28.6,64,4.305555555555555,22.08,3.4,946.4,3.22,9.27,1.673,16.19,6.998,9.13
2024-05-17,36.6,23.0,28.8,62,3.5833333333333335,23.97,0.9,945.2,2.68,10.07,1.7,17.627,7.164,9.54
2024-05-18,37.9,22.8,29.7,58,3.5277777777777777,24.02,0.0,943.3,2.64,10.09,1.967,17.535,7.479,10.36
2024-05-19,37.3,24.3,30.0,63,4.916666666666666,20.25,0.4,941.9,3.68,8.5,1.742,14.48,6.843,9.0
2024-05-20,38.1,25.1,30.0,69,5.861111111111112,20.73,1.0,942.1,4.38,8.71,1.526,15.596,6.994,9.57
2024-05-21,41.0,23.9,31.1,62,6.166666666666666,23.08,0.0,941.9,4.61,9.69,2.041,17.603,8.593,11.71
2024-05-22,38.8,24.7,30.3,68,5.249999999999999,21.28,1.9,941.7,3.93,8.94,1.605,16.113,7.108,9.39
2024-05-23,37.5,24.6,29.6,75,5.527777777777778,21.05,7.5,940.7,4.13,8.84,1.193,16.2,6.41,8.63
2024-05-24,35.0,24.1,28.8,68,6.027777777777778,22.63,0.3,940.4,4.51,9.5,1.38,16.684,7.019,9.6
2024-05-25,33.0,23.3,27.7,71,6.0,20.8,0.0,941.3,4.49,8.74,1.144,14.859,6.072,8.04
2024-05-26,33.3,24.5,28.2,72,6.499999999999999,24.38,0.0,942.2,4.86,10.24,1.147,18.359,6.972,9.27
2024-05-27,31.5,24.6,27.3,78,6.75,15.65,0.1,941.9,5.05,6.57,0.849,10.474,4.475,5.88
2024-05-28,33.3,24.1,27.9,71,7.611111111111111,24.44,0.0,942.1,5.69,10.26,1.177,18.313,7.177,9.42
2024-05-29,33.4,23.7,27.7,71,6.888888888888889,26.03,0.0,942.3,5.15,10.93,1.171,19.758,7.396,9.76
2024-05-30,35.3,23.3,28.3,68,5.611111111111111,26.59,0.0,943.5,4.2,11.17,1.372,20.312,7.802,10.22
2024-05-31,35.1,24.3,28.9,70,5.166666666666667,24.99,0.2,944.2,3.86,10.5,1.304,19.031,7.271,9.7
2024-06-01,35.0,24.3,29.0,69,5.194444444444444,25.26,0.4,944.1,3.89,10.61,1.342,19.192,7.394,9.74
2024-06-02,35.0,24.8,29.3,63,4.694444444444444,24.98,0.3,944.4,3.51,10.49,1.619,18.526,7.616,10.19
2024-06-03,36.5,23.8,29.1,67,4.805555555555555,22.53,1.3,944.6,3.59,9.46,1.494,16.726,6.963,9.05
2024-06-04,30.6,24.0,26.5,84,4.416666666666667,12.71,16.5,945.1,3.3,5.34,0.59,8.722,3.242,4.37
2024-06-05,32.8,23.8,26.7,82,4.722222222222222,16.41,10.6,945.3,3.53,6.89,0.713,11.542,4.197,5.72
2024-06-06,33.7,24.0,27.0,82,3.7222222222222223,17.98,7.4,945.7,2.78,7.55,0.739,13.148,4.555,5.77
2024-06-07,33.8,23.6,26.7,80,4.0,20.85,10.6,944.0,2.99,8.76,0.817,15.64,5.337,7.17
2024-06-08,32.8,23.5,26.3,80,4.027777777777778,19.34,11.4,942.7,3.01,8.12,0.787,14.085,4.887,6.7
2024-06-09,27.0,23.4,25.0,86,4.111111111111112,6.67,3.1,942.2,3.08,2.8,0.451,5.096,2.067,2.57
2024-06-10,27.8,22.5,24.9,86,4.5,10.42,17.4,943.3,3.37,4.38,0.452,7.152,2.596,3.71
2024-06-11,27.8,23.1,24.9,86,4.694444444444444,10.97,21.9,944.0,3.51,4.61,0.459,7.487,2.702,3.67
2024-06-12,28.4,23.4,25.3,85,4.666666666666667,14.59,8.3,944.9,3.49,6.13,0.506,9.533,3.283,4.27
2024-06-13,28.4,23.5,25.3,85,4.666666666666667,16.45,8.3,944.5,3.49,6.91,0.507,11.105,3.659,4.87
2024-06-14,28.4,23.2,25.1,83,5.416666666666667,14.71,2.4,943.8,4.05,6.18,0.571,9.475,3.456,4.69
2024-06-15,28.2,23.1,25.4,82,4.611111111111112,17.95,3.9,943.1,3.45,7.54,0.599,12.259,4.117,5.5
2024-06-16,30.3,23.1,25.6,83,3.8055555555555554,18.82,4.5,943.4,2.85,7.9,0.607,13.388,4.37,5.91
2024-06-17,30.2,23.2,25.9,83,4.027777777777778,19.47,5.6,943.8,3.01,8.18,0.607,13.982,4.536,5.91
2024-06-18,29.3,23.6,25.5,83,6.361111111111111,19.05,12.2,943.4,4.76,8.0,0.594,13.511,4.477,5.99
2024-06-19,27.8,23.2,25.0,85,6.0,15.22,1.7,941.7,4.49,6.39,0.493,9.87,3.398,4.32
2024-06-20,28.9,23.4,25.0,87,6.611111111111111,16.56,2.7,941.0,4.95,6.96,0.446,11.371,3.625,4.82
2024-06-21,29.1,23.5,25.4,85,5.888888888888888,17.52,0.9,941.4,4.4,7.36,0.519,12.18,3.98,5.17
2024-06-22,29.8,23.0,25.9,81,5.222222222222222,20.7,1.8,940.2,3.91,8.69,0.665,14.927,4.933,6.47
2024-06-23,30.5,23.2,25.7,83,3.7777777777777777,17.83,2.9,939.2,2.83,7.49,0.613,12.514,4.165,5.74
2024-06-24,30.6,23.4,25.8,83,4.416666666666667,19.36,5.9,937.7,3.3,8.13,0.618,13.954,4.567,6.25
2024-06-25,29.2,24.1,25.8,85,5.944444444444444,14.49,4.7,936.8,4.45,6.09,0.529,9.641,3.441,4.68
2024-06-26,28.6,23.7,25.3,88,7.861111111111111,15.11,5.2,936.8,5.88,6.35,0.411,10.081,3.282,4.21
2024-06-27,26.8,23.4,24.8,88,7.638888888888888,12.39,3.3,939.0,5.71,5.2,0.384,8.28,2.821,3.71
2024-06-28,27.0,23.5,24.8,89,7.444444444444445,15.71,11.5,940.0,5.57,6.6,0.355,10.463,3.185,4.43
2024-06-29,27.6,23.2,25.0,86,7.416666666666666,15.88,2.7,941.2,5.55,6.67,0.458,10.506,3.489,4.67
2024-06-30,27.3,23.5,24.8,88,7.055555555555555,12.57,5.2,941.4,5.28,5.28,0.391,8.435,2.858,4.16
2024-07-01,26.1,22.7,24.0,90,7.777777777777778,12.09,8.8,940.6,5.82,5.08,0.307,8.078,2.542,3.45
2024-07-02,26.8,22.5,24.1,90,7.166666666666667,14.13,16.1,939.9,5.36,5.93,0.312,9.258,2.797,3.76
2024-07-03,27.1,22.8,24.6,88,6.944444444444445,11.67,1.7,940.9,5.19,4.9,0.382,7.867,2.706,3.56
2024-07-04,26.1,23.4,24.5,88,5.333333333333333,8.58,1.1,941.9,3.99,3.6,0.376,6.138,2.246,3.01
2024-07-05,27.3,23.3,24.7,88,7.416666666666666,15.6,3.4,940.2,5.55,6.55,0.389,10.327,3.252,4.31
2024-07-06,26.7,23.0,24.4,87,7.472222222222221,16.2,4.1,939.2,5.59,6.8,0.41,10.726,3.389,4.62
2024-07-07,26.3,22.8,24.1,88,5.5,8.25,4.9,940.2,4.11,3.46,0.372,5.945,2.201,3.08
2024-07-08,27.0,22.9,24.1,90,5.138888888888888,9.61,63.8,940.0,3.84,4.04,0.318,6.783,2.25,2.88
2024-07-09,27.4,22.4,24.1,88,4.972222222222221,12.43,19.1,940.8,3.72,5.22,0.382,8.286,2.728,3.44
2024-07-10,27.7,22.7,24.7,85,5.555555555555555,17.37,2.0,943.5,4.16,7.3,0.485,11.791,3.786,4.77
2024-07-11,26.5,22.7,24.1,89,5.916666666666667,11.4,10.4,943.0,4.43,4.79,0.342,7.698,2.531,3.45
2024-07-12,25.8,23.1,24.0,91,5.611111111111111,12.03,22.3,941.2,4.2,5.05,0.277,8.084,2.45,3.1
2024-07-13,25.8,22.9,24.0,90,6.888888888888889,11.11,19.3,940.6,5.15,4.67,0.306,7.53,2.417,2.9
2024-07-14,24.4,23.0,23.5,93,4.944444444444445,6.18,72.3,938.8,3.7,2.6,0.205,4.831,1.547,2.12
2024-07-15,28.2,23.0,24.6,87,5.111111111111111,15.06,7.3,938.4,3.82,6.33,0.431,9.862,3.212,4.66
2024-07-16,28.4,22.9,24.5,86,7.361111111111111,17.06,0.7,938.1,5.51,7.17,0.466,11.665,3.745,4.99
2024-07-17,26.5,22.9,24.3,89,6.527777777777778,10.85,7.6,939.6,4.88,4.56,0.344,7.408,2.492,3.45
2024-07-18,26.3,23.0,24.2,89,7.138888888888888,11.11,8.1,940.0,5.34,4.67,0.343,7.542,2.53,3.39
2024-07-19,24.6,23.4,23.8,91,6.194444444444445,6.53,9.2,938.4,4.63,2.74,0.269,5.015,1.77,2.35
2024-07-20,25.3,23.1,23.9,91,6.638888888888888,8.34,21.9,938.9,4.97,3.5,0.272,6.019,2.004,2.81
2024-07-21,26.3,23.2,24.2,90,7.166666666666667,10.36,4.9,939.3,5.36,4.35,0.313,7.171,2.371,3.12
2024-07-22,24.3,23.1,23.7,92,7.166666666666667,5.8,21.3,940.9,5.36,2.44,0.235,4.615,1.617,2.2
2024-07-23,24.2,23.0,23.5,92,7.444444444444445,5.37,25.4,941.6,5.57,2.26,0.233,4.379,1.57,2.14
2024-07-24,24.6,22.9,23.5,92,8.277777777777779,7.5,23.9,939.2,6.19,3.15,0.235,5.542,1.821,2.33
2024-07-25,23.9,22.2,23.2,92,8.694444444444445,3.62,62.5,938.4,6.5,1.52,0.226,3.093,1.33,1.92
2024-07-26,24.8,22.3,23.4,92,7.222222222222222,7.44,22.0,939.6,5.4,3.12,0.233,5.498,1.79,2.36
2024-07-27,24.8,23.0,23.5,92,7.138888888888888,7.07,9.6,940.3,5.34,2.97,0.238,5.317,1.767,2.24
2024-07-28,25.0,22.9,23.7,91,6.25,7.52,9.0,938.3,4.68,3.16,0.268,5.552,1.884,2.59
2024-07-29,26.1,22.9,23.8,91,7.138888888888888,9.43,12.9,937.3,5.34,3.96,0.278,6.653,2.159,2.74
2024-07-30,27.1,22.6,24.3,88,6.861111111111111,17.2,4.8,940.6,5.13,7.22,0.38,11.709,3.501,4.67
2024-07-31,26.4,22.4,24.0,89,6.361111111111111,9.93,9.1,942.7,4.76,4.17,0.338,6.87,2.354,3.14
2024-08-01,26.4,22.9,24.1,88,6.861111111111111,13.87,5.7,942.4,5.13,5.83,0.374,9.013,2.916,4.05
2024-08-02,26.3,22.5,23.9,89,8.13888888888889,17.16,14.0,941.9,6.09,7.21,0.338,11.618,3.335,4.52
2024-08-03,25.4,22.5,23.6,90,7.583333333333333,11.51,9.5,942.2,5.67,4.83,0.298,7.692,2.431,3.24
2024-08-04,25.9,22.8,23.5,92,7.583333333333333,8.81,29.3,942.6,5.67,3.7,0.245,6.316,1.993,2.78
2024-08-05,26.6,22.7,24.0,89,7.166666666666667,15.58,6.5,943.6,5.36,6.54,0.343,10.218,3.078,4.31
2024-08-06,27.2,22.7,24.4,86,6.611111111111111,19.35,1.8,943.6,4.95,8.13,0.446,13.604,4.083,5.53
2024-08-07,27.2,23.0,24.3,86,6.138888888888889,17.44,2.3,943.6,4.59,7.32,0.449,11.875,3.716,4.96
2024-08-08,27.2,22.6,24.3,85,5.861111111111112,18.75,1.7,944.5,4.38,7.88,0.476,12.991,4.023,5.17
2024-08-09,25.0,22.4,23.5,90,5.027777777777778,6.9,4.3,945.3,3.76,2.9,0.294,5.189,1.826,2.27
2024-08-10,28.2,22.3,24.3,87,5.694444444444445,18.9,4.2,945.2,4.26,7.94,0.424,13.331,3.969,5.25
2024-08-11,27.5,22.4,24.4,85,5.944444444444444,20.44,1.2,943.8,4.45,8.58,0.479,14.564,4.378,5.75
2024-08-12,27.9,22.2,24.5,85,5.055555555555555,19.52,1.1,943.6,3.78,8.2,0.483,13.749,4.21,5.59
2024-08-13,29.4,22.1,25.0,83,4.138888888888889,18.63,0.9,944.1,3.1,7.82,0.575,13.006,4.215,5.63
2024-08-14,29.0,21.5,24.7,85,3.9166666666666665,18.48,1.4,943.9,2.93,7.76,0.493,12.874,4.018,5.44
2024-08-15,30.3,21.6,25.1,84,4.055555555555555,21.24,0.9,943.0,3.03,8.92,0.552,15.543,4.793,6.38
2024-08-16,30.3,21.5,25.1,84,4.222222222222222,20.63,1.0,942.2,3.16,8.66,0.55,14.974,4.655,6.28
2024-08-17,27.8,21.5,24.6,87,3.0277777777777777,11.62,6.4,943.3,2.26,4.88,0.41,7.784,2.578,3.45
2024-08-18,28.0,23.4,24.8,90,2.4722222222222223,11.31,19.8,943.9,1.85,4.75,0.333,7.853,2.475,3.0
2024-08-19,29.8,22.6,25.5,86,2.75,17.44,9.5,943.3,2.06,7.32,0.486,12.174,3.833,4.97
2024-08-20,29.4,22.6,25.2,88,2.7222222222222223,16.97,8.1,942.7,2.04,7.13,0.41,11.796,3.625,4.81
2024-08-21,30.1,22.2,25.2,87,2.3333333333333335,18.19,18.1,942.9,1.75,7.64,0.451,12.926,3.974,5.12
2024-08-22,29.0,22.8,25.3,87,3.1111111111111107,16.66,11.3,942.5,2.33,7.0,0.441,11.421,3.577,4.86
2024-08-23,28.1,23.5,24.8,89,5.444444444444445,10.2,6.1,943.1,4.07,4.28,0.368,7.196,2.476,3.53
2024-08-24,24.3,22.7,23.3,94,5.333333333333333,3.61,76.9,943.2,3.99,1.52,0.174,3.094,1.093,1.64
2024-08-25,25.1,21.6,23.1,91,7.055555555555555,9.35,27.2,942.3,5.28,3.93,0.26,6.493,2.062,2.72
2024-08-26,24.5,21.4,22.8,89,7.194444444444444,11.55,6.1,941.1,5.38,4.85,0.309,7.545,2.417,3.45
2024-08-27,25.8,21.5,23.2,89,7.555555555555555,17.19,7.1,942.2,5.65,7.22,0.324,11.498,3.253,4.36
2024-08-28,26.1,21.7,23.5,88,7.944444444444445,17.99,5.7,943.1,5.94,7.56,0.359,12.237,3.509,4.63
2024-08-29,27.0,22.4,24.1,87,6.777777777777777,18.55,1.7,942.5,5.07,7.79,0.408,12.869,3.814,4.99
2024-08-30,27.1,22.6,24.3,87,5.861111111111112,18.12,1.2,943.2,4.38,7.61,0.411,12.504,3.757,4.96
2024-08-31,25.7,22.4,23.8,89,4.416666666666667,10.73,5.8,944.2,3.3,4.51,0.331,7.256,2.359,3.09
2024-09-01,25.6,22.0,23.3,91,5.388888888888888,7.54,1.5,943.6,4.03,3.17,0.267,5.557,1.855,2.5
2024-09-02,24.2,22.5,23.0,94,4.888888888888889,4.64,46.1,942.3,3.66,1.95,0.172,3.987,1.277,1.73
2024-09-03,26.2,22.1,23.7,89,5.472222222222222,12.12,9.1,943.3,4.09,5.09,0.333,8.026,2.565,3.42
2024-09-04,26.8,22.9,24.1,87,6.027777777777778,15.94,2.7,944.2,4.51,6.69,0.411,10.49,3.311,4.48
2024-09-05,27.3,23.0,24.1,88,5.694444444444445,16.77,10.8,943.0,4.26,7.04,0.386,11.375,3.442,4.77
2024-09-06,26.1,22.2,23.9,88,6.25,13.68,1.9,943.8,4.68,5.75,0.363,8.823,2.831,3.92
2024-09-07,27.3,22.1,24.3,86,5.75,18.88,1.4,944.5,4.3,7.93,0.44,13.131,3.965,5.06
2024-09-08,28.1,22.7,24.5,85,5.138888888888888,20.5,0.9,944.5,3.84,8.61,0.492,14.72,4.452,5.55
2024-09-09,27.8,22.4,24.2,87,5.249999999999999,19.34,3.7,942.3,3.93,8.12,0.419,13.694,4.043,5.53
2024-09-10,27.1,22.7,24.0,88,4.944444444444445,14.0,7.7,941.6,3.7,5.88,0.381,9.143,2.919,3.69
2024-09-11,27.4,22.6,24.0,86,5.249999999999999,18.24,4.8,942.6,3.93,7.66,0.447,12.598,3.854,5.1
2024-09-12,27.2,22.3,24.0,84,6.388888888888888,20.32,0.7,944.3,4.78,8.53,0.504,14.357,4.383,5.67
2024-09-13,26.9,21.8,23.6,85,5.416666666666667,19.49,1.4,944.7,4.05,8.19,0.462,13.567,4.088,5.18
2024-09-14,26.6,21.4,23.4,85,5.555555555555555,21.16,1.9,944.4,4.16,8.89,0.452,15.036,4.378,5.92
2024-09-15,27.0,20.9,23.3,85,5.444444444444445,19.52,1.9,944.7,4.07,8.2,0.453,13.533,4.047,5.51
2024-09-16,28.3,20.6,23.9,82,4.111111111111112,21.83,0.4,945.4,3.08,9.17,0.565,15.637,4.784,6.29
2024-09-17,27.6,19.8,23.3,82,4.416666666666667,21.18,1.3,945.4,3.3,8.9,0.54,14.897,4.541,5.67
2024-09-18,28.4,19.3,23.1,80,3.4444444444444446,24.49,0.0,943.8,2.58,10.29,0.611,17.901,5.364,7.07
2024-09-19,29.1,19.8,23.7,81,3.7222222222222223,21.05,0.0,944.2,2.78,8.84,0.602,14.91,4.662,6.27
2024-09-20,28.7,21.1,23.9,87,3.8333333333333335,15.35,7.3,944.6,2.87,6.45,0.419,10.028,3.168,4.0
2024-09-21,28.8,22.4,24.4,86,4.166666666666667,16.21,12.5,945.3,3.12,6.81,0.467,10.89,3.488,4.68
2024-09-22,28.8,21.4,24.2,86,3.333333333333333,17.46,10.6,944.6,2.49,7.33,0.456,11.955,3.699,4.93
2024-09-23,27.9,22.4,24.3,90,3.638888888888889,12.07,31.5,943.7,2.72,5.07,0.323,8.211,2.565,3.51
2024-09-24,29.6,22.2,24.6,90,3.5277777777777777,15.04,16.0,941.9,2.64,6.32,0.341,10.12,3.075,4.12
2024-09-25,27.5,22.5,23.8,93,3.6666666666666665,8.67,28.3,941.2,2.74,3.64,0.224,6.333,1.926,2.42
2024-09-26,25.0,22.1,23.2,92,5.305555555555556,8.27,18.8,940.5,3.97,3.47,0.233,5.948,1.86,2.66
2024-09-27,25.1,22.4,23.5,90,6.499999999999999,10.43,3.9,942.3,4.86,4.38,0.295,7.084,2.28,3.02
2024-09-28,27.1,22.6,24.3,87,5.222222222222222,17.37,0.9,945.1,3.91,7.3,0.411,11.814,3.603,4.8
2024-09-29,27.8,21.6,24.3,87,3.8333333333333335,16.29,2.5,947.0,2.87,6.84,0.411,10.818,3.354,4.33
2024-09-30,30.2,21.0,24.9,84,1.8055555555555556,21.7,0.0,947.0,1.35,9.11,0.542,15.905,4.855,6.41
2024-10-01,30.3,21.9,25.6,85,2.111111111111111,21.13,1.0,945.7,1.58,8.87,0.521,15.523,4.767,6.22
2024-10-02,30.3,22.9,25.0,89,4.138888888888889,17.85,2.2,946.2,3.1,7.5,0.391,12.817,3.828,5.08
2024-10-03,29.7,22.0,24.8,86,3.944444444444444,18.29,1.4,946.3,2.95,7.68,0.477,12.89,3.995,5.58
2024-10-04,28.7,21.4,24.2,87,4.0,17.87,0.9,946.2,2.99,7.51,0.422,12.371,3.747,4.79
2024-10-05,29.2,20.3,24.1,84,2.1666666666666665,21.55,0.0,946.5,1.62,9.05,0.515,15.578,4.694,6.02
2024-10-06,29.4,20.5,24.4,85,3.9166666666666665,18.92,0.2,946.7,2.93,7.95,0.488,13.253,4.088,5.67
2024-10-07,30.6,20.6,25.5,77,4.555555555555555,21.31,0.0,947.4,3.41,8.95,0.784,15.177,5.177,6.87
2024-10-08,30.4,21.5,25.4,78,3.416666666666667,21.25,0.3,947.7,2.56,8.92,0.76,15.218,5.042,6.62
2024-10-09,28.0,22.7,24.4,84,3.333333333333333,10.23,6.5,946.0,2.49,4.3,0.523,7.011,2.579,3.59
2024-10-10,28.6,21.6,24.1,86,6.055555555555555,13.95,9.6,944.4,4.53,5.86,0.455,9.105,3.123,4.07
2024-10-11,29.2,21.9,24.5,85,5.666666666666666,15.38,9.2,944.1,4.24,6.46,0.501,10.082,3.44,4.86
2024-10-12,29.6,21.4,24.7,86,4.25,16.83,8.8,945.2,3.18,7.07,0.469,11.482,3.644,4.96
2024-10-13,29.7,21.4,24.5,87,4.444444444444445,15.65,1.5,946.1,3.32,6.57,0.437,10.465,3.339,4.38
2024-10-14,29.5,21.1,24.5,86,4.083333333333333,18.28,3.7,946.7,3.05,7.68,0.464,12.778,3.934,5.57
2024-10-15,28.9,20.9,24.1,86,2.833333333333333,15.47,1.4,946.8,2.12,6.5,0.452,10.096,3.205,4.18
2024-10-16,29.9,21.5,24.7,86,3.944444444444444,17.64,12.2,946.1,2.95,7.41,0.475,12.278,3.839,5.23
2024-10-17,27.7,22.5,24.3,88,3.944444444444444,10.47,12.7,945.4,2.95,4.4,0.386,7.234,2.449,3.31
2024-10-18,29.3,22.3,24.8,86,5.333333333333333,15.72,14.8,945.4,3.99,6.6,0.474,10.497,3.461,4.81
2024-10-19,29.7,21.8,24.0,89,2.611111111111111,13.09,11.7,947.2,1.95,5.5,0.373,8.903,2.781,3.94
2024-10-20,28.1,21.5,23.9,89,2.7222222222222223,12.94,7.2,948.1,2.04,5.43,0.35,8.617,2.677,3.57
2024-10-21,27.7,21.4,24.1,87,3.222222222222222,13.6,9.9,948.2,2.41,5.71,0.407,8.843,2.84,3.67
2024-10-22,28.4,20.3,24.3,86,1.972222222222222,14.44,1.8,948.0,1.48,6.06,0.438,9.251,2.928,3.97
2024-10-23,29.1,20.1,24.4,83,3.3055555555555554,18.82,0.1,947.7,2.47,7.9,0.542,12.985,4.097,5.36
2024-10-24,28.9,20.3,24.2,77,2.8055555555555554,20.2,0.0,947.4,2.1,8.48,0.732,13.921,4.572,6.4
2024-10-25,28.9,20.3,24.6,63,2.4722222222222223,20.52,0.0,947.5,1.85,8.62,1.177,13.408,4.961,6.64
2024-10-26,28.9,20.0,24.2,64,3.138888888888889,21.6,0.0,947.5,2.35,9.07,1.138,14.446,5.357,7.09
2024-10-27,30.3,18.9,25.0,65,2.5,21.34,0.0,946.3,1.87,8.96,1.138,14.36,5.177,6.93
2024-10-28,30.1,19.5,24.4,70,2.75,20.85,0.0,944.8,2.06,8.76,0.98,14.215,4.986,6.45
2024-10-29,30.2,19.8,24.5,72,2.861111111111111,20.22,0.0,945.9,2.14,8.49,0.924,13.782,4.821,6.28
2024-10-30,29.3,19.7,24.4,74,2.1666666666666665,19.0,0.5,947.1,1.62,7.98,0.828,12.659,4.278,5.88
2024-10-31,30.5,21.1,25.5,71,4.027777777777778,19.63,1.5,948.0,3.01,8.24,0.996,13.298,5.045,6.63
2024-11-01,29.9,20.8,25.5,75,4.027777777777778,18.49,0.2,949.2,3.01,7.77,0.834,12.391,4.534,5.89
2024-11-02,30.0,20.2,24.9,70,3.944444444444444,20.13,0.0,949.4,2.95,8.45,0.992,13.582,5.087,6.86
2024-11-03,30.3,17.9,24.6,67,3.7222222222222223,20.22,0.0,949.1,2.78,8.49,1.051,13.401,5.098,6.98
2024-11-04,30.0,18.5,24.6,63,3.8333333333333335,19.95,0.0,948.3,2.87,8.38,1.179,12.908,5.231,7.08
2024-11-05,29.4,19.9,24.4,64,3.611111111111111,20.0,0.0,948.8,2.7,8.4,1.156,13.02,5.158,7.03
2024-11-06,29.8,20.2,24.5,61,2.9166666666666665,20.49,0.0,949.5,2.18,8.61,1.28,13.342,5.22,6.85
2024-11-07,29.9,18.7,24.1,59,3.3055555555555554,20.19,0.0,949.3,2.47,8.48,1.307,12.881,5.279,6.83
2024-11-08,29.6,17.8,23.9,59,3.944444444444444,20.28,0.0,948.9,2.95,8.52,1.268,12.898,5.428,7.46
2024-11-09,29.5,19.2,24.0,58,3.6944444444444446,20.02,0.0,949.0,2.76,8.41,1.333,12.644,5.399,7.15
2024-11-10,29.3,19.1,23.8,57,3.0,18.17,0.0,949.2,2.24,7.63,1.352,10.856,4.731,6.27
2024-11-11,28.8,18.0,23.0,58,4.694444444444444,20.16,0.0,948.7,3.51,8.47,1.265,12.659,5.609,7.68
2024-11-12,29.0,16.6,22.8,60,4.138888888888889,19.92,0.0,948.0,3.1,8.37,1.179,12.525,5.242,7.07
2024-11-13,29.7,17.4,23.3,62,3.638888888888889,19.9,0.0,947.0,2.72,8.36,1.17,12.724,5.122,6.9
2024-11-14,32.0,18.7,25.0,61,3.944444444444444,18.32,0.0,948.1,2.95,7.69,1.348,11.515,5.218,7.28
2024-11-15,30.1,21.2,25.2,74,2.8055555555555554,16.16,1.4,948.9,2.1,6.79,0.882,10.242,3.847,5.03
2024-11-16,30.9,21.6,25.9,67,3.0555555555555554,16.37,0.7,948.2,2.29,6.88,1.163,10.132,4.269,5.83
2024-11-17,30.5,21.9,25.3,59,4.0,18.39,0.0,948.2,2.99,7.72,1.434,11.443,5.365,7.16
2024-11-18,28.6,17.6,23.2,53,3.5833333333333335,19.69,0.0,948.7,2.68,8.27,1.393,11.887,5.297,7.1
2024-11-19,28.3,16.7,22.1,56,2.8055555555555554,19.78,0.0,949.3,2.1,8.31,1.264,12.099,4.852,6.7
2024-11-20,27.7,15.9,21.4,58,3.2499999999999996,19.62,0.0,948.7,2.43,8.24,1.159,11.992,4.818,6.5
2024-11-21,28.5,16.3,21.5,60,2.0,19.62,0.0,948.2,1.5,8.24,1.149,12.191,4.413,5.96
2024-11-22,28.8,15.4,21.5,66,2.138888888888889,19.39,0.0,947.7,1.6,8.14,0.971,12.313,4.277,5.86
2024-11-23,28.6,15.3,21.7,65,2.055555555555556,19.21,0.0,948.5,1.54,8.07,0.989,12.069,4.218,5.57
2024-11-24,28.7,15.8,21.8,65,2.4722222222222223,18.9,0.0,948.8,1.85,7.94,1.003,11.812,4.293,5.6
2024-11-25,27.2,15.0,21.1,60,3.2777777777777777,19.17,0.0,948.5,2.45,8.05,1.063,11.62,4.571,5.94
2024-11-26,26.9,14.6,20.8,56,3.3888888888888884,19.17,0.0,948.3,2.53,8.05,1.145,11.365,4.696,5.97
2024-11-27,26.9,14.2,20.6,51,3.2499999999999996,19.32,0.0,947.7,2.43,8.11,1.265,11.212,4.829,6.75
2024-11-28,26.8,14.4,20.7,49,5.222222222222222,19.24,0.0,947.6,3.91,8.08,1.317,11.019,5.621,7.33
2024-11-29,26.5,13.9,19.9,49,3.555555555555556,19.39,0.0,947.5,2.66,8.14,1.288,11.129,4.989,6.62
2024-11-30,27.4,13.8,20.6,58,2.3333333333333335,18.87,0.0,946.3,1.75,7.93,1.098,11.221,4.222,5.59
2024-12-01,28.5,15.9,22.1,65,2.7222222222222223,17.03,0.0,944.9,2.04,7.15,0.997,10.075,3.933,5.29
2024-12-02,28.5,20.1,23.7,74,4.305555555555555,13.29,0.2,945.0,3.22,5.58,0.812,8.09,3.508,4.8
2024-12-03,29.4,20.8,24.8,77,4.694444444444444,13.19,1.0,946.6,3.51,5.54,0.754,8.311,3.499,4.79
2024-12-04,30.1,21.5,25.1,76,4.666666666666667,12.94,0.1,947.6,3.49,5.43,0.82,8.25,3.612,4.73
2024-12-05,30.9,19.9,24.9,73,1.972222222222222,16.92,0.2,948.1,1.48,7.11,0.917,10.898,3.87,5.13
2024-12-06,30.7,20.5,25.1,73,3.0555555555555554,16.43,0.0,948.2,2.29,6.9,0.922,10.46,4.013,5.39
2024-12-07,30.3,19.3,24.3,68,2.75,17.02,0.0,947.3,2.06,7.15,1.049,10.586,4.144,5.49
2024-12-08,29.8,18.3,23.0,58,3.4444444444444446,17.79,0.0,946.9,2.58,7.47,1.323,10.585,4.814,6.66
2024-12-09,29.7,16.6,22.2,54,2.1944444444444446,18.27,0.0,947.2,1.64,7.67,1.394,10.708,4.408,5.95
2024-12-10,28.7,15.3,21.6,58,2.1666666666666665,17.91,0.0,948.1,1.62,7.52,1.192,10.49,4.098,5.57
2024-12-11,28.8,16.5,22.1,64,3.2777777777777777,17.63,0.0,948.4,2.45,7.4,1.051,10.624,4.313,5.85
2024-12-12,28.0,16.0,21.8,62,2.5833333333333335,17.97,0.0,947.8,1.93,7.55,1.064,10.729,4.143,5.7
2024-12-13,27.7,16.0,21.2,56,3.2499999999999996,18.14,0.0,948.5,2.43,7.62,1.217,10.519,4.575,6.13
2024-12-14,27.5,13.8,20.2,56,3.083333333333333,18.42,0.0,949.4,2.31,7.74,1.155,10.705,4.463,5.76
2024-12-15,28.1,13.1,20.0,54,2.7222222222222223,18.6,0.0,950.3,2.04,7.81,1.221,10.794,4.453,6.0
2024-12-16,27.7,12.9,19.5,47,2.5277777777777777,18.89,0.0,948.9,1.89,7.93,1.379,10.619,4.565,5.99
2024-12-17,28.7,12.0,19.8,52,2.3333333333333335,18.66,0.0,947.5,1.75,7.84,1.281,10.767,4.363,5.74
2024-12-18,28.4,12.5,19.8,55,2.3333333333333335,18.64,0.0,946.8,1.75,7.83,1.197,10.902,4.278,5.79
2024-12-19,29.4,12.9,20.6,55,2.111111111111111,18.44,0.0,946.6,1.58,7.74,1.257,10.812,4.234,5.83
2024-12-20,29.8,16.2,21.6,64,3.4722222222222223,17.95,0.0,946.4,2.6,7.54,1.087,11.011,4.53,6.04
2024-12-21,29.5,15.5,21.3,78,3.1666666666666665,16.97,0.0,946.7,2.37,7.13,0.647,10.804,3.643,4.9
2024-12-22,28.7,17.6,21.4,80,3.7222222222222223,14.66,0.0,947.4,2.78,6.16,0.595,8.933,3.185,4.5
2024-12-23,27.5,16.4,20.9,81,3.3611111111111107,14.47,0.0,947.3,2.51,6.08,0.526,8.686,2.952,3.97
2024-12-24,27.8,17.0,21.6,79,2.5555555555555554,14.11,0.2,947.8,1.91,5.93,0.596,8.484,2.924,4.29
2024-12-25,29.6,16.9,22.6,71,2.861111111111111,15.89,0.1,948.7,2.14,6.67,0.88,9.516,3.66,4.96
2024-12-26,29.3,18.8,23.2,73,3.611111111111111,14.47,0.3,950.5,2.7,6.08,0.843,8.618,3.553,4.47
2024-12-27,29.2,18.7,23.1,77,3.9722222222222223,14.21,1.1,950.7,2.97,5.97,0.714,8.68,3.399,4.65
2024-12-28,29.0,18.7,23.3,78,2.7222222222222223,15.49,1.4,950.8,2.04,6.51,0.678,9.551,3.354,4.53
2024-12-29,29.6,18.3,23.4,73,2.4444444444444446,14.75,0.2,951.1,1.83,6.19,0.844,8.759,3.32,4.62
2024-12-30,30.5,18.7,23.7,67,3.4444444444444446,17.2,0.0,951.2,2.58,7.22,1.076,10.684,4.411,5.98
2024-12-31,30.2,18.1,23.6,60,2.7777777777777777,17.92,0.0,951.3,2.08,7.53,1.274,10.861,4.537,6.03
